"","town","tract","longitude","latitude","value","cmedv","crime","residential","industrial","river","nox","rooms","older","distance","highway","tax","ptratio","lstat","black"
"1","Nahant",2011,-70.9550018,42.2550011,24,24,0.00632000016,18,2.30999994,"no",0.537999988,6.57499981,65.1999969,4.09000015,1,296,15.3000002,4.98000002,0
"2","Swampscott",2021,-70.9499969,42.2874985,21.6000004,21.6000004,0.0273100007,0,7.07000017,"no",0.469000012,6.421,78.9000015,4.96710014,2,242,17.7999992,9.14000034,0
"3","Swampscott",2022,-70.935997,42.2830009,34.7000008,34.7000008,0.0272899996,0,7.07000017,"no",0.469000012,7.18499994,61.0999985,4.96710014,2,242,17.7999992,4.03000021,0.323849469
"4","Marblehead",2031,-70.9280014,42.2929993,33.4000015,33.4000015,0.0323700011,0,2.18000007,"no",0.458000004,6.99800014,45.7999992,6.06220007,3,222,18.7000008,2.94000006,0.180415884
"5","Marblehead",2032,-70.9219971,42.2980003,36.2000008,36.2000008,0.0690499991,0,2.18000007,"no",0.458000004,7.14699984,54.2000008,6.06220007,3,222,18.7000008,5.32999992,0
"6","Marblehead",2033,-70.9164963,42.3040009,28.7000008,28.7000008,0.0298500005,0,2.18000007,"no",0.458000004,6.42999983,58.7000008,6.06220007,3,222,18.7000008,5.21000004,0.22102201
"7","Salem",2041,-70.935997,42.2970009,22.8999996,22.8999996,0.0882899985,12.5,7.86999989,"no",0.523999989,6.01200008,66.5999985,5.56050014,5,311,15.1999998,12.4300003,0.103257567
"8","Salem",2042,-70.9375,42.3100014,27.1000004,22.1000004,0.144549996,12.5,7.86999989,"no",0.523999989,6.17199993,96.0999985,5.95050001,5,311,15.1999998,19.1499996,0
"9","Salem",2043,-70.9329987,42.3120003,16.5,16.5,0.211239994,12.5,7.86999989,"no",0.523999989,5.63100004,100,6.08209991,5,311,15.1999998,29.9300003,0.820421457
"10","Salem",2044,-70.9290009,42.3160019,18.8999996,18.8999996,0.170039997,12.5,7.86999989,"no",0.523999989,6.00400019,85.9000015,6.59210014,5,311,15.1999998,17.1000004,0.813989639
"11","Salem",2045,-70.9349976,42.3160019,15,15,0.224889994,12.5,7.86999989,"no",0.523999989,6.37699986,94.3000031,6.34670019,5,311,15.1999998,20.4500008,0.34858495
"12","Salem",2046,-70.9440002,42.3170013,18.8999996,18.8999996,0.117470004,12.5,7.86999989,"no",0.523999989,6.00899982,82.9000015,6.22669983,5,311,15.1999998,13.2700005,0
"13","Salem",2047,-70.9509964,42.3059998,21.7000008,21.7000008,0.0937800035,12.5,7.86999989,"no",0.523999989,5.88899994,39,5.45090008,5,311,15.1999998,15.71,0.51000005
"14","Lynn",2051,-70.9645004,42.2919998,20.3999996,20.3999996,0.629760027,0,8.14000034,"no",0.537999988,5.94899988,61.7999992,4.70749998,4,307,21,8.26000023,0
"15","Lynn",2052,-70.9720001,42.2869987,18.2000008,18.2000008,0.637960017,0,8.14000034,"no",0.537999988,6.09600019,84.5,4.46190023,4,307,21,10.2600002,1.35423839
"16","Lynn",2053,-70.9765015,42.2939987,19.8999996,19.8999996,0.627390027,0,8.14000034,"no",0.537999988,5.83400011,56.5,4.49860001,4,307,21,8.47000027,0.101670258
"17","Lynn",2054,-70.9869995,42.2985001,23.1000004,23.1000004,1.05393004,0,8.14000034,"no",0.537999988,5.93499994,29.2999992,4.49860001,4,307,21,6.57999992,0.802733243
"18","Lynn",2055,-70.9779968,42.2849998,17.5,17.5,0.784200013,0,8.14000034,"no",0.537999988,5.98999977,81.6999969,4.25790024,4,307,21,14.6700001,0.810771644
"19","Lynn",2056,-70.9925003,42.2825012,20.2000008,20.2000008,0.802709997,0,8.14000034,"no",0.537999988,5.45599985,36.5999985,3.79649997,4,307,21,11.6899996,9.24221039
"20","Lynn",2057,-70.987999,42.2775993,18.2000008,18.2000008,0.725799978,0,8.14000034,"no",0.537999988,5.72700024,69.5,3.79649997,4,307,21,11.2799997,0.474003464
"21","Lynn",2058,-70.9834976,42.2770004,13.6000004,13.6000004,1.25179005,0,8.14000034,"no",0.537999988,5.57000017,98.0999985,3.79789996,4,307,21,21.0200005,1.63469899
"22","Lynn",2059,-70.9820023,42.2809982,19.6000004,19.6000004,0.852039993,0,8.14000034,"no",0.537999988,5.96500015,89.1999969,4.01230001,4,307,21,13.8299999,0.347785801
"23","Lynn",2060,-70.9775009,42.2789993,15.1999998,15.1999998,1.23247004,0,8.14000034,"no",0.537999988,6.1420002,91.6999969,3.9769001,4,307,21,18.7199993,0
"24","Lynn",2061,-70.9729996,42.2789993,14.5,14.5,0.988430023,0,8.14000034,"no",0.537999988,5.8130002,100,4.09520006,4,307,21,19.8799992,0.1875799
"25","Lynn",2062,-70.9692993,42.281601,15.6000004,15.6000004,0.750259995,0,8.14000034,"no",0.537999988,5.92399979,94.0999985,4.39960003,4,307,21,16.2999992,0.204299912
"26","Lynn",2063,-70.9639969,42.2840004,13.8999996,13.8999996,0.840539992,0,8.14000034,"no",0.537999988,5.59899998,85.6999969,4.45459986,4,307,21,16.5100002,7.91642666
"27","Lynn",2064,-70.9597015,42.2869987,16.6000004,16.6000004,0.671909988,0,8.14000034,"no",0.537999988,5.8130002,90.3000031,4.68200016,4,307,21,14.8100004,1.60944784
"28","Lynn",2065,-70.9597015,42.2825012,14.8000002,14.8000002,0.955770016,0,8.14000034,"no",0.537999988,6.04699993,88.8000031,4.45340014,4,307,21,17.2800007,7.64839649
"29","Lynn",2066,-70.9570007,42.2799988,18.3999996,18.3999996,0.772989988,0,8.14000034,"no",0.537999988,6.49499989,94.4000015,4.45469999,4,307,21,12.8000002,0.715171218
"30","Lynn",2067,-70.9509964,42.2779999,21,21,1.00244999,0,8.14000034,"no",0.537999988,6.67399979,87.3000031,4.23899984,4,307,21,11.9799995,1.3372066
"31","Lynn",2068,-70.9670029,42.2789993,12.6999998,12.6999998,1.13081002,0,8.14000034,"no",0.537999988,5.71299982,94.0999985,4.2329998,4,307,21,22.6000004,2.98583436
"32","Lynn",2069,-70.9639969,42.2765007,14.5,14.5,1.35472,0,8.14000034,"no",0.537999988,6.07200003,100,4.17500019,4,307,21,13.04,1.62166309
"33","Lynn",2070,-70.9720001,42.2765007,13.1999998,13.1999998,1.38799,0,8.14000034,"no",0.537999988,5.94999981,82,3.99000001,4,307,21,27.7099991,14.7713776
"34","Lynn",2071,-70.9794998,42.276001,13.1000004,13.1000004,1.15172005,0,8.14000034,"no",0.537999988,5.70100021,95,3.78719997,4,307,21,18.3500004,3.10258913
"35","Lynn",2072,-70.9775009,42.2719994,13.5,13.5,1.61282003,0,8.14000034,"no",0.537999988,6.09600019,96.9000015,3.75979996,4,307,21,20.3400002,13.1692867
"36","Sargus",2081,-71,42.2700005,18.8999996,18.8999996,0.0641700029,0,5.96000004,"no",0.499000013,5.93300009,68.1999969,3.36030006,5,279,19.2000008,9.68000031,0
"37","Sargus",2082,-71.0080032,42.2745018,20,20,0.0974399969,0,5.96000004,"no",0.499000013,5.84100008,61.4000015,3.37789989,5,279,19.2000008,11.4099998,1.55408967
"38","Sargus",2083,-71.0039978,42.286499,21,21,0.0801400021,0,5.96000004,"no",0.499000013,5.8499999,41.5,3.93420005,5,279,19.2000008,8.77000046,0
"39","Sargus",2084,-71.0199966,42.2874985,24.7000008,24.2000008,0.175050005,0,5.96000004,"no",0.499000013,5.96600008,30.2000008,3.84730005,5,279,19.2000008,10.1300001,0.276001841
"40","Lynnfield",2091,-71.0130005,42.3129997,30.7999992,30.7999992,0.0276299994,75,2.95000005,"no",0.428000003,6.59499979,21.7999992,5.40110016,3,252,18.2999992,4.32000017,0.100874253
"41","Lynnfield",2092,-71.0299988,42.3240013,34.9000015,34.9000015,0.0335900001,75,2.95000005,"no",0.428000003,7.02400017,15.8000002,5.40110016,3,252,18.2999992,1.98000002,0.101670258
"42","Peabody",2101,-71.0039978,42.3349991,26.6000004,26.6000004,0.127440006,0,6.90999985,"no",0.448000014,6.76999998,2.9000001,5.72090006,3,233,17.8999996,4.84000015,0.918600976
"43","Peabody",2102,-71.0029984,42.3235016,25.2999992,25.2999992,0.141499996,0,6.90999985,"no",0.448000014,6.16900015,6.5999999,5.72090006,3,233,17.8999996,5.80999994,1.08312166
"44","Peabody",2103,-70.9775009,42.3237,24.7000008,24.7000008,0.159360006,0,6.90999985,"no",0.448000014,6.21099997,6.5,5.72090006,3,233,17.8999996,7.44000006,0.193949923
"45","Peabody",2104,-70.9674988,42.3170013,21.2000008,21.2000008,0.12269,0,6.90999985,"no",0.448000014,6.06899977,40,5.72090006,3,233,17.8999996,9.55000019,0.598876476
"46","Peabody",2105,-70.9725037,42.3074989,19.2999992,19.2999992,0.171419993,0,6.90999985,"no",0.448000014,5.68200016,33.7999992,5.10039997,3,233,17.8999996,10.21,0
"47","Peabody",2106,-70.9649963,42.3074989,20,20,0.188360006,0,6.90999985,"no",0.448000014,5.78599977,33.2999992,5.10039997,3,233,17.8999996,14.1499996,0
"48","Peabody",2107,-70.9560013,42.3125,16.6000004,16.6000004,0.229269996,0,6.90999985,"no",0.448000014,6.03000021,85.5,5.6894002,3,233,17.8999996,18.7999992,0.331029892
"49","Peabody",2108,-70.9550018,42.3165016,14.3999996,14.3999996,0.25387001,0,6.90999985,"no",0.448000014,5.39900017,95.3000031,5.86999989,3,233,17.8999996,30.8099995,0
"50","Peabody",2109,-70.9524994,42.3208008,19.3999996,19.3999996,0.219769999,0,6.90999985,"no",0.448000014,5.60200024,62,6.08769989,3,233,17.8999996,16.2000008,0
"51","Danvers",2111,-70.9509964,42.3339996,19.7000008,19.7000008,0.08873,21,5.63999987,"no",0.43900001,5.96299982,45.7000008,6.81470013,4,243,16.7999992,13.4499998,0.106439412
"52","Danvers",2112,-70.9629974,42.3381996,20.5,20.5,0.043370001,21,5.63999987,"no",0.43900001,6.11499977,63,6.81470013,4,243,16.7999992,9.43000031,0.232969433
"53","Danvers",2113,-70.9580002,42.3460007,25,25,0.0535999984,21,5.63999987,"no",0.43900001,6.51100016,21.1000004,6.81470013,4,243,16.7999992,5.28000021,0
"54","Danvers",2114,-70.9779968,42.3424988,23.3999996,23.3999996,0.0498099998,21,5.63999987,"no",0.43900001,5.99800014,21.3999996,6.81470013,4,243,16.7999992,8.43000031,0
"55","Middleton",2121,-71.0175018,42.3714981,18.8999996,18.8999996,0.0136000002,75,4,"no",0.409999996,5.88800001,47.5999985,7.31969976,3,469,21.1000004,14.8000002,0
"56","Topsfield",2141,-70.9625015,42.3810005,35.4000015,35.4000015,0.0131099997,90,1.22000003,"no",0.402999997,7.24900007,21.8999996,8.69659996,5,226,17.8999996,4.80999994,0.0770318434
"57","Hamilton",2151,-70.9300003,42.3740005,24.7000008,24.7000008,0.0205499995,85,0.74000001,"no",0.409999996,6.3829999,35.7000008,9.18760014,2,313,17.2999992,5.76999998,0
"58","Wenham",2161,-70.9294968,42.3714981,31.6000004,31.6000004,0.0143200001,100,1.32000005,"no",0.411000013,6.81599998,40.5,8.32479954,5,256,15.1000004,3.95000005,0.318265021
"59","Beverly",2171,-70.9384995,42.3460007,23.2999992,23.2999992,0.154449999,25,5.13000011,"no",0.453000009,6.14499998,29.2000008,7.81479979,8,284,19.7000008,6.86000013,0.495601326
"60","Beverly",2172,-70.9400024,42.3320007,19.6000004,19.6000004,0.10328,25,5.13000011,"no",0.453000009,5.92700005,47.2000008,6.93200016,8,284,19.7000008,9.22000027,0
"61","Beverly",2173,-70.9300003,42.3370018,18.7000008,18.7000008,0.149320006,25,5.13000011,"no",0.453000009,5.74100018,66.1999969,7.22539997,8,284,19.7000008,13.1499996,0.142225519
"62","Beverly",2174,-70.9300003,42.3274994,16,16,0.171709999,25,5.13000011,"no",0.453000009,5.96600008,93.4000015,6.81850004,8,284,19.7000008,14.4399996,1.51179135
"63","Beverly",2175,-70.9215012,42.3320007,22.2000008,22.2000008,0.110270001,25,5.13000011,"no",0.453000009,6.45599985,67.8000031,7.22550011,8,284,19.7000008,6.73000002,0
"64","Beverly",2176,-70.9075012,42.3390007,25,25,0.126499996,25,5.13000011,"no",0.453000009,6.76200008,43.4000015,7.98089981,8,284,19.7000008,9.5,0.104849651
"65","Manchester",2181,-70.8600006,42.3450012,33,33,0.0195099991,17.5,1.38,"no",0.416099995,7.10400009,59.5,9.22290039,3,216,18.6000004,8.05000019,0.291148573
"66","North Reading",3301,-71.0449982,42.3450012,23.5,23.5,0.035840001,80,3.36999989,"no",0.398000002,6.28999996,17.7999992,6.61149979,4,337,16.1000004,4.67000008,0
"67","North Reading",3302,-71.0690002,42.3525009,19.3999996,19.3999996,0.0437900014,80,3.36999989,"no",0.398000002,5.78700018,31.1000004,6.61149979,4,337,16.1000004,10.2399998,0
"68","Wilmington",3311,-71.0899963,42.3362007,22,22,0.0578900017,12.5,6.07000017,"no",0.409000009,5.87799978,21.3999996,6.49800014,4,345,18.8999996,8.10000038,0.0547869168
"69","Wilmington",3312,-71.1080017,42.3400002,17.3999996,17.3999996,0.135539994,12.5,6.07000017,"no",0.409000009,5.59399986,36.7999992,6.49800014,4,345,18.8999996,13.0900002,0
"70","Wilmington",3313,-71.1110001,42.3269997,20.8999996,20.8999996,0.12816,12.5,6.07000017,"no",0.409000009,5.88500023,33,6.49800014,4,345,18.8999996,8.78999996,0
"71","Burlington",3321,-71.1210022,42.3160019,24.2000008,24.2000008,0.0882600024,0,10.8100004,"no",0.412999988,6.41699982,6.5999999,5.28730011,4,305,19.2000008,6.71999979,1.0540539
"72","Burlington",3322,-71.1094971,42.3008003,21.7000008,21.7000008,0.158759996,0,10.8100004,"no",0.412999988,5.96099997,17.5,5.28730011,4,305,19.2000008,9.88000011,1.60455942
"73","Burlington",3323,-71.1299973,42.3050003,22.7999992,22.7999992,0.091640003,0,10.8100004,"no",0.412999988,6.06500006,7.80000019,5.28730011,4,305,19.2000008,5.51999998,0.477204174
"74","Burlington",3324,-71.1230011,42.2919998,23.3999996,23.3999996,0.195390001,0,10.8100004,"no",0.412999988,6.24499989,6.19999981,5.28730011,4,305,19.2000008,7.53999996,1.58583009
"75","Woburn",3331,-71.1104965,42.2890015,24.1000004,24.1000004,0.0789600015,0,12.8299999,"no",0.437000006,6.27299976,6,4.25150013,5,398,18.7000008,6.78000021,0.157337636
"76","Woburn",3332,-71.0999985,42.2874985,21.3999996,21.3999996,0.0951199979,0,12.8299999,"no",0.437000006,6.28599977,45,4.50260019,5,398,18.7000008,8.93999958,1.09442663
"77","Woburn",3333,-71.0899963,42.2835007,20,20,0.101530001,0,12.8299999,"no",0.437000006,6.27899981,74.5,4.05219984,5,398,18.7000008,11.9700003,1.87226498
"78","Woburn",3334,-71.0759964,42.2895012,20.7999992,20.7999992,0.0870700032,0,12.8299999,"no",0.437000006,6.13999987,45.7999992,4.09049988,5,398,18.7000008,10.2700005,0.793891013
"79","Woburn",3335,-71.0904999,42.2949982,21.2000008,21.2000008,0.0564600006,0,12.8299999,"no",0.437000006,6.23199987,53.7000008,5.01410007,5,398,18.7000008,12.3400002,0.838920176
"80","Woburn",3336,-71.0910034,42.3050003,20.2999992,20.2999992,0.0838700011,0,12.8299999,"no",0.437000006,5.87400007,36.5999985,4.50260019,5,398,18.7000008,9.10000038,0.0667027757
"81","Reading",3341,-71.0684967,42.3079987,28,28,0.0411299989,25,4.86000013,"no",0.425999999,6.72700024,33.5,5.40070009,4,281,19,5.28999996,0
"82","Reading",3342,-71.0690002,42.3149986,23.8999996,23.8999996,0.0446199998,25,4.86000013,"no",0.425999999,6.61899996,70.4000015,5.40070009,4,281,19,7.21999979,0.100874253
"83","Reading",3343,-71.0674973,42.3260002,24.7999992,24.7999992,0.0365899988,25,4.86000013,"no",0.425999999,6.30200005,32.2000008,5.40070009,4,281,19,6.71999979,0
"84","Reading",3344,-71.0575027,42.3170013,22.8999996,22.8999996,0.0355099998,25,4.86000013,"no",0.425999999,6.16699982,46.7000008,5.40070009,4,281,19,7.51000023,0.49879837
"85","Wakefield",3351,-71.0429993,42.3074989,23.8999996,23.8999996,0.050590001,0,4.48999977,"no",0.449000001,6.38899994,48,4.77939987,3,247,18.5,9.61999989,0
"86","Wakefield",3352,-71.0500031,42.2999992,26.6000004,26.6000004,0.0573499985,0,4.48999977,"no",0.449000001,6.63000011,56.0999985,4.43769979,3,247,18.5,6.53000021,0.366144955
"87","Wakefield",3353,-71.0329971,42.3050003,22.5,22.5,0.0518799983,0,4.48999977,"no",0.449000001,6.01499987,45.0999985,4.42719984,3,247,18.5,12.8599997,0.0722649172
"88","Wakefield",3354,-71.0390015,42.2885017,22.2000008,22.2000008,0.071510002,0,4.48999977,"no",0.449000001,6.12099981,56.7999992,3.74760008,3,247,18.5,8.43999958,0.139041856
"89","Melrose",3361,-71.0419998,42.2795982,23.6000004,23.6000004,0.0566000007,0,3.41000009,"no",0.488999993,7.00699997,86.3000031,3.4217,2,270,17.7999992,5.5,0
"90","Melrose",3362,-71.0345001,42.2784996,28.7000008,28.7000008,0.0530200005,0,3.41000009,"no",0.488999993,7.079,63.0999985,3.4145,2,270,17.7999992,5.69999981,0.0667027757
"91","Melrose",3363,-71.0299988,42.2719994,22.6000004,22.6000004,0.0468400009,0,3.41000009,"no",0.488999993,6.41699982,66.0999985,3.09229994,2,270,17.7999992,8.81000042,0.375723898
"92","Melrose",3364,-71.0425034,42.2714996,22,22,0.0393199995,0,3.41000009,"no",0.488999993,6.40500021,73.9000015,3.09209991,2,270,17.7999992,8.19999981,0.266438097
"93","Stoneham",3371,-71.0530014,42.2830009,22.8999996,22.8999996,0.0420299992,28,15.04,"no",0.463999987,6.44199991,53.5999985,3.66589999,4,270,18.2000008,8.15999985,0.150177062
"94","Stoneham",3372,-71.0619965,42.2960014,25,25,0.0287500005,28,15.04,"no",0.463999987,6.21099997,28.8999996,3.66589999,4,270,18.2000008,6.21000004,0.0452544317
"95","Stoneham",3373,-71.0615005,42.2840004,20.6000004,20.6000004,0.0429399982,28,15.04,"no",0.463999987,6.24900007,77.3000031,3.61500001,4,270,18.2000008,10.5900002,0
"96","Winchester",3381,-71.0759964,42.2775002,28.3999996,28.3999996,0.122040004,0,2.8900001,"no",0.444999993,6.625,57.7999992,3.49519992,2,276,18,6.6500001,3.16856909
"97","Winchester",3382,-71.0849991,42.2775002,21.3999996,21.3999996,0.115039997,0,2.8900001,"no",0.444999993,6.16300011,69.5999985,3.49519992,2,276,18,11.3400002,0.403674453
"98","Winchester",3383,-71.0889969,42.2714996,38.7000008,38.7000008,0.120829999,0,2.8900001,"no",0.444999993,8.06900024,76,3.49519992,2,276,18,4.21000004,0
"99","Winchester",3384,-71.0981979,42.2685013,43.7999992,43.7999992,0.0818699971,0,2.8900001,"no",0.444999993,7.82000017,36.9000015,3.49519992,2,276,18,3.56999993,0.2680296
"100","Winchester",3385,-71.0800018,42.2680016,33.2000008,33.2000008,0.068599999,0,2.8900001,"no",0.444999993,7.41599989,62.5,3.49519992,2,276,18,6.19000006,0
"101","Medford",3391,-71.066803,42.2545013,27.5,27.5,0.148660004,0,8.56000042,"no",0.519999981,6.72700024,79.9000015,2.77780008,5,384,20.8999996,9.42000008,0.170069829
"102","Medford",3392,-71.0810013,42.2449989,26.5,26.5,0.114320002,0,8.56000042,"no",0.519999981,6.78100014,71.3000031,2.85610008,5,384,20.8999996,7.67000008,0.104849651
"103","Medford",3393,-71.0811996,42.2514992,18.6000004,18.6000004,0.228760004,0,8.56000042,"no",0.519999981,6.40500021,85.4000015,2.71469998,5,384,20.8999996,10.6300001,36.3917313
"104","Medford",3394,-71.0770035,42.2490005,19.2999992,19.2999992,0.211610004,0,8.56000042,"no",0.519999981,6.13700008,87.4000015,2.71469998,5,384,20.8999996,13.4399996,0.193152741
"105","Medford",3395,-71.0690002,42.2480011,20.1000004,20.1000004,0.139599994,0,8.56000042,"no",0.519999981,6.16699982,90,2.421,5,384,20.8999996,12.3299999,0.335017532
"106","Medford",3396,-71.0662003,42.2425003,19.5,19.5,0.132620007,0,8.56000042,"no",0.519999981,5.85099983,96.6999969,2.10689998,5,384,20.8999996,16.4699993,0.226597816
"107","Medford",3397,-71.0622025,42.2430992,19.5,19.5,0.171200007,0,8.56000042,"no",0.519999981,5.83599997,91.9000015,2.21099997,5,384,20.8999996,18.6599998,0.0976926833
"108","Medford",3398,-71.0552979,42.2464981,20.3999996,20.3999996,0.131170005,0,8.56000042,"no",0.519999981,6.12699986,85.1999969,2.12240005,5,384,20.8999996,14.0900002,0.735242069
"109","Medford",3399,-71.0550003,42.2504997,19.7999992,19.7999992,0.128020003,0,8.56000042,"no",0.519999981,6.47399998,97.0999985,2.43289995,5,384,20.8999996,12.2700005,0.131885737
"110","Medford",3400,-71.0599976,42.2540016,19.3999996,19.3999996,0.263630003,0,8.56000042,"no",0.519999981,6.22900009,91.1999969,2.54509997,5,384,20.8999996,15.5500002,0.45161736
"111","Medford",3401,-71.0559998,42.2605019,21.7000008,21.7000008,0.107929997,0,8.56000042,"no",0.519999981,6.19500017,54.4000015,2.77780008,5,384,20.8999996,13,0.27121979
"112","Malden",3411,-71.0475006,42.2610016,22.7999992,22.7999992,0.100840002,0,10.0100002,"no",0.546999991,6.71500015,81.5999985,2.67750001,6,432,17.7999992,10.1599998,0.104053602
"113","Malden",3412,-71.0490036,42.2529984,18.7999992,18.7999992,0.123290002,0,10.0100002,"no",0.546999991,5.91300011,92.9000015,2.35339999,6,432,17.7999992,16.2099991,0.154952273
"114","Malden",3413,-71.0428009,42.2579994,18.7000008,18.7000008,0.222120002,0,10.0100002,"no",0.546999991,6.09200001,95.4000015,2.5480001,6,432,17.7999992,17.0900002,0
"115","Malden",3414,-71.0395966,42.2512016,18.5,18.5,0.142309994,0,10.0100002,"no",0.546999991,6.25400019,84.1999969,2.25650001,6,432,17.7999992,10.4499998,0.650982141
"116","Malden",3415,-71.0354996,42.2545013,18.2999992,18.2999992,0.171340004,0,10.0100002,"no",0.546999991,5.92799997,88.1999969,2.46309996,6,432,17.7999992,15.7600002,4.27096176
"117","Malden",3416,-71.0360031,42.2607994,21.2000008,21.2000008,0.131579995,0,10.0100002,"no",0.546999991,6.17600012,72.5,2.73009992,6,432,17.7999992,12.04,0.28636536
"118","Malden",3417,-71.0285034,42.262001,19.2000008,19.2000008,0.150979996,0,10.0100002,"no",0.546999991,6.02099991,82.5999985,2.74740005,6,432,17.7999992,10.3000002,0.189968884
"119","Malden",3418,-71.0285034,42.2579994,20.3999996,20.3999996,0.130579993,0,10.0100002,"no",0.546999991,5.87200022,73.0999985,2.47749996,6,432,17.7999992,15.3699999,4.80807686
"120","Malden",3419,-71.0189972,42.2605019,19.2999992,19.2999992,0.144759998,0,10.0100002,"no",0.546999991,5.73099995,65.1999969,2.7592001,6,432,17.7999992,13.6099997,0.430039465
"121","Everett",3421,-71.0242996,42.2482986,22,22,0.0689899996,0,25.6499996,"no",0.58099997,5.86999989,69.6999969,2.25769997,2,188,19.1000004,14.3699999,0.618112087
"122","Everett",3422,-71.0311966,42.2504997,20.2999992,20.2999992,0.0716499984,0,25.6499996,"no",0.58099997,6.00400019,84.0999985,2.19740009,2,188,19.1000004,14.2700005,1.54513693
"123","Everett",3423,-71.0376968,42.2470016,20.5,20.5,0.0929900035,0,25.6499996,"no",0.58099997,5.96099997,92.9000015,2.0869,2,188,19.1000004,17.9300003,1.51097703
"124","Everett",3424,-71.0370026,42.2434998,17.2999992,17.2999992,0.15038,0,25.6499996,"no",0.58099997,5.85599995,97,1.94439995,2,188,19.1000004,25.4099998,2.14689755
"125","Everett",3425,-71.0307999,42.2449989,18.7999992,18.7999992,0.0984899998,0,25.6499996,"no",0.58099997,5.87900019,95.8000031,2.00629997,2,188,19.1000004,17.5799999,1.40616775
"126","Everett",3426,-71.0261993,42.2430992,21.3999996,21.3999996,0.169019997,0,25.6499996,"no",0.58099997,5.98600006,88.4000015,1.99290001,2,188,19.1000004,14.8100004,0.950021148
"127","Everett",3427,-71.0333023,42.2394981,15.6999998,15.6999998,0.387349993,0,25.6499996,"no",0.58099997,5.61299992,95.5999985,1.7572,2,188,19.1000004,27.2600002,3.05919552
"128","Somerville",3501,-71.0530014,42.2355003,16.2000008,16.2000008,0.259149998,0,21.8899994,"no",0.624000013,5.69299984,96,1.78830004,4,437,21.2000008,17.1900005,0.381313473
"129","Somerville",3502,-71.0579987,42.2350006,18,18,0.325430006,0,21.8899994,"no",0.624000013,6.43100023,98.8000031,1.8125,4,437,21.2000008,15.3900003,0
"130","Somerville",3503,-71.063797,42.2368011,14.3000002,14.3000002,0.881250024,0,21.8899994,"no",0.624000013,5.63700008,94.6999969,1.9799,4,437,21.2000008,18.3400002,0
"131","Somerville",3504,-71.0691986,42.2389984,19.2000008,19.2000008,0.340059996,0,21.8899994,"no",0.624000013,6.45800018,98.9000015,2.11849999,4,437,21.2000008,12.6000004,0.147791967
"132","Somerville",3505,-71.0749969,42.2400017,19.6000004,19.6000004,1.19294,0,21.8899994,"no",0.624000013,6.32600021,97.6999969,2.27099991,4,437,21.2000008,12.2600002,0
"133","Somerville",3506,-71.074501,42.2405014,23,23,0.590049982,0,21.8899994,"no",0.624000013,6.37200022,97.9000015,2.32739997,4,437,21.2000008,11.1199999,0.890418649
"134","Somerville",3507,-71.0790024,42.2449989,18.3999996,18.3999996,0.329820007,0,21.8899994,"no",0.624000013,5.82200003,95.4000015,2.46989989,4,437,21.2000008,15.0299997,0.65499258
"135","Somerville",3508,-71.0759964,42.2405014,15.6000004,15.6000004,0.976170003,0,21.8899994,"no",0.624000013,5.75699997,98.4000015,2.34599996,4,437,21.2000008,17.3099995,11.7398777
"136","Somerville",3509,-71.0749969,42.2361984,18.1000004,18.1000004,0.557780027,0,21.8899994,"no",0.624000013,6.33500004,98.1999969,2.11069989,4,437,21.2000008,16.9599991,0.177232668
"137","Somerville",3510,-71.0677032,42.2335014,17.3999996,17.3999996,0.322640002,0,21.8899994,"no",0.624000013,5.94199991,93.5,1.96689999,4,437,21.2000008,16.8999996,1.49796724
"138","Somerville",3511,-71.0630035,42.2324982,17.1000004,17.1000004,0.352329999,0,21.8899994,"no",0.624000013,6.454,98.4000015,1.84979999,4,437,21.2000008,14.5900002,0.22420983
"139","Somerville",3512,-71.0619965,42.2275009,13.3000002,13.3000002,0.249799997,0,21.8899994,"no",0.624000013,5.85699987,98.1999969,1.66859996,4,437,21.2000008,21.3199997,0.3869012
"140","Somerville",3513,-71.0568008,42.2299995,17.7999992,17.7999992,0.54452002,0,21.8899994,"no",0.624000013,6.15100002,97.9000015,1.66869998,4,437,21.2000008,18.4599991,0
"141","Somerville",3514,-71.0518036,42.2312012,14,14,0.290899992,0,21.8899994,"no",0.624000013,6.17399979,93.5999985,1.61189997,4,437,21.2000008,24.1599998,0.703932643
"142","Somerville",3515,-71.0542984,42.2265015,14.3999996,14.3999996,1.62864006,0,21.8899994,"no",0.624000013,5.01900005,100,1.43939996,4,437,21.2000008,34.4099998,0
"143","Cambridge",3521,-71.0479965,42.2221985,13.3999996,13.3999996,3.32104993,0,19.5799999,"yes",0.870999992,5.40299988,100,1.32159996,5,403,14.6999998,26.8199997,0
"144","Cambridge",3522,-71.0519028,42.2229996,15.6000004,15.6000004,4.09740019,0,19.5799999,"no",0.870999992,5.46799994,100,1.41180003,5,403,14.6999998,26.4200001,0
"145","Cambridge",3523,-71.0510025,42.2205009,11.8000002,11.8000002,2.7797401,0,19.5799999,"no",0.870999992,4.90299988,97.8000031,1.34590006,5,403,14.6999998,29.2900009,0
"146","Cambridge",3524,-71.0540009,42.2190018,13.8000002,13.8000002,2.37933993,0,19.5799999,"no",0.870999992,6.13000011,100,1.41910005,5,403,14.6999998,27.7999992,21.417551
"147","Cambridge",3525,-71.0589981,42.2210007,15.6000004,15.6000004,2.15505004,0,19.5799999,"no",0.870999992,5.62799978,100,1.51660001,5,403,14.6999998,16.6499996,21.857563
"148","Cambridge",3526,-71.0554962,42.2221985,14.6000004,14.6000004,2.36861992,0,19.5799999,"no",0.870999992,4.92600012,95.6999969,1.46080005,5,403,14.6999998,29.5300007,0.413261533
"149","Cambridge",3527,-71.0567017,42.223999,17.7999992,17.7999992,2.33099008,0,19.5799999,"no",0.870999992,5.18599987,93.8000031,1.52960002,5,403,14.6999998,28.3199997,3.25136161
"150","Cambridge",3528,-71.0579987,42.2229996,15.3999996,15.3999996,2.73396993,0,19.5799999,"no",0.870999992,5.59700012,94.9000015,1.52569997,5,403,14.6999998,21.4500008,3.68305445
"151","Cambridge",3529,-71.0619965,42.2235985,21.5,21.5,1.6566,0,19.5799999,"no",0.870999992,6.12200022,97.3000031,1.61800003,5,403,14.6999998,14.1000004,1.94265056
"152","Cambridge",3530,-71.0622025,42.2205009,19.6000004,19.6000004,1.49632001,0,19.5799999,"no",0.870999992,5.40399981,100,1.59159994,5,403,14.6999998,13.2799997,4.55344296
"153","Cambridge",3531,-71.0589981,42.2169991,15.3000002,15.3000002,1.12658,0,19.5799999,"yes",0.870999992,5.01200008,88,1.61020005,5,403,14.6999998,12.1199999,4.40989971
"154","Cambridge",3532,-71.0644989,42.2150002,19.3999996,19.3999996,2.14917994,0,19.5799999,"no",0.870999992,5.70900011,98.5,1.62320006,5,403,14.6999998,15.79,11.8189468
"155","Cambridge",3533,-71.0662003,42.2162018,17,17,1.41384995,0,19.5799999,"yes",0.870999992,6.12900019,96,1.74940002,5,403,14.6999998,15.1199999,6.34137535
"156","Cambridge",3534,-71.0680008,42.2150002,15.6000004,15.6000004,3.5350101,0,19.5799999,"yes",0.870999992,6.15199995,82.5999985,1.74549997,5,403,14.6999998,15.0200005,33.333519
"157","Cambridge",3535,-71.0667038,42.2200012,13.1000004,13.1000004,2.44668007,0,19.5799999,"no",0.870999992,5.27199984,94,1.73640001,5,403,14.6999998,16.1399994,33.2292099
"158","Cambridge",3536,-71.0690002,42.2285004,41.2999992,41.2999992,1.22358,0,19.5799999,"no",0.605000019,6.94299984,97.4000015,1.87730002,5,403,14.6999998,4.59000015,2.71484494
"159","Cambridge",3537,-71.0670013,42.2244987,24.2999992,24.2999992,1.34283996,0,19.5799999,"no",0.605000019,6.06599998,100,1.75730002,5,403,14.6999998,6.42999983,3.51134539
"160","Cambridge",3538,-71.0650024,42.2223015,23.2999992,23.2999992,1.42501998,0,19.5799999,"no",0.870999992,6.51000023,100,1.76590002,5,403,14.6999998,7.38999987,2.64190221
"161","Cambridge",3539,-71.0699997,42.2214012,27,27,1.27346003,0,19.5799999,"yes",0.605000019,6.25,92.5999985,1.79840004,5,403,14.6999998,5.5,4.78316164
"162","Cambridge",3540,-71.0735016,42.228199,50,50,1.46335995,0,19.5799999,"no",0.605000019,7.48899984,90.8000031,1.97090006,5,403,14.6999998,1.73000002,1.80931437
"163","Cambridge",3541,-71.0770035,42.2249985,50,50,1.83377004,0,19.5799999,"yes",0.605000019,7.80200005,98.1999969,2.04069996,5,403,14.6999998,1.91999996,0.581253409
"164","Cambridge",3542,-71.0814972,42.2249985,50,50,1.51901996,0,19.5799999,"yes",0.605000019,8.375,93.9000015,2.16199994,5,403,14.6999998,3.31999993,0.674240768
"165","Cambridge",3543,-71.0917969,42.2265015,22.7000008,22.7000008,2.24236012,0,19.5799999,"no",0.605000019,5.85400009,91.8000031,2.42199993,5,403,14.6999998,11.6400003,0.142225519
"166","Cambridge",3544,-71.0820007,42.2294998,25,25,2.92400002,0,19.5799999,"no",0.605000019,6.10099983,93,2.28340006,5,403,14.6999998,9.81000042,13.9938774
"167","Cambridge",3545,-71.0770035,42.2304993,50,50,2.01019001,0,19.5799999,"no",0.605000019,7.9289999,96.1999969,2.04590011,5,403,14.6999998,3.70000005,2.22994328
"168","Cambridge",3546,-71.0866013,42.2345009,23.7999992,23.7999992,1.80027997,0,19.5799999,"no",0.605000019,5.87699986,79.1999969,2.42589998,5,403,14.6999998,12.1400003,15.2915096
"169","Cambridge",3547,-71.0739975,42.2331009,23.7999992,23.7999992,2.30040002,0,19.5799999,"no",0.605000019,6.31899977,96.0999985,2.0999999,5,403,14.6999998,11.1000004,8.49403763
"170","Cambridge",3548,-71.0774994,42.2350998,22.2999992,22.2999992,2.44952989,0,19.5799999,"no",0.605000019,6.40199995,95.1999969,2.26250005,5,403,14.6999998,11.3199997,5.5508914
"171","Cambridge",3549,-71.0810013,42.2368011,17.3999996,17.3999996,1.20741999,0,19.5799999,"no",0.605000019,5.875,94.5999985,2.42589998,5,403,14.6999998,14.4300003,8.93614864
"172","Cambridge",3550,-71.0792007,42.2389984,19.1000004,19.1000004,2.31389999,0,19.5799999,"no",0.605000019,5.88000011,97.3000031,2.38870001,5,403,14.6999998,12.0299997,3.99745631
"173","Arlington",3561,-71.086998,42.2416,23.1000004,23.1000004,0.139139995,0,4.05000019,"no",0.50999999,5.57200003,88.5,2.59610009,5,296,16.6000004,14.6899996,0
"174","Arlington",3562,-71.0855026,42.2449989,23.6000004,23.6000004,0.0917799994,0,4.05000019,"no",0.50999999,6.41599989,84.0999985,2.64630008,5,296,16.6000004,9.03999996,0.111208923
"175","Arlington",3563,-71.0832977,42.2475014,22.6000004,22.6000004,0.0844699964,0,4.05000019,"no",0.50999999,5.85900021,68.6999969,2.70190001,5,296,16.6000004,9.64000034,0.291944623
"176","Arlington",3564,-71.0940018,42.2574997,29.3999996,29.3999996,0.0666399971,0,4.05000019,"no",0.50999999,6.546,33.0999985,3.1322999,5,296,16.6000004,5.32999992,0.473207504
"177","Arlington",3565,-71.1125031,42.2550011,23.2000008,23.2000008,0.070220001,0,4.05000019,"no",0.50999999,6.01999998,47.2000008,3.55489993,5,296,16.6000004,10.1099997,0.291944623
"178","Arlington",3566,-71.1060028,42.2512016,24.6000004,24.6000004,0.0542499982,0,4.05000019,"no",0.50999999,6.31500006,73.4000015,3.31750011,5,296,16.6000004,6.28999996,0.103257567
"179","Arlington",3567,-71.0964966,42.2470016,29.8999996,29.8999996,0.0664199963,0,4.05000019,"no",0.50999999,6.86000013,74.4000015,2.91529989,5,296,16.6000004,6.92000008,0.44842273
"180","Belmont",3571,-71.0999985,42.240799,37.2000008,37.2000008,0.0577999987,0,2.46000004,"no",0.488000005,6.98000002,58.4000015,2.829,3,193,17.7999992,5.03999996,0
"181","Belmont",3572,-71.0995026,42.2345009,39.7999992,39.7999992,0.0658800006,0,2.46000004,"no",0.488000005,7.76499987,83.3000031,2.74099994,3,193,17.7999992,7.55999994,0.106439412
"182","Belmont",3573,-71.0966034,42.228199,36.2000008,36.2000008,0.0688799992,0,2.46000004,"no",0.488000005,6.14400005,62.2000008,2.59789991,3,193,17.7999992,9.44999981,0
"183","Belmont",3574,-71.100502,42.2286987,37.9000015,37.9000015,0.0910300016,0,2.46000004,"no",0.488000005,7.15500021,92.1999969,2.70059991,3,193,17.7999992,4.82000017,0.22102201
"184","Belmont",3575,-71.1064987,42.2299995,32.5,32.5,0.100079998,0,2.46000004,"no",0.488000005,6.5630002,95.5999985,2.84699988,3,193,17.7999992,5.67999983,0
"185","Belmont",3576,-71.1119995,42.2299995,26.3999996,26.3999996,0.0830800012,0,2.46000004,"no",0.488000005,5.60400009,89.8000031,2.98790002,3,193,17.7999992,13.9799995,0.470006973
"186","Belmont",3577,-71.1175003,42.2350006,29.6000004,29.6000004,0.0604699999,0,2.46000004,"no",0.488000005,6.15299988,68.8000031,3.27970004,3,193,17.7999992,13.1499996,0.781835854
"187","Belmont",3578,-71.1115036,42.2442017,50,50,0.0560199991,0,2.46000004,"no",0.488000005,7.83099985,53.5999985,3.19919991,3,193,17.7999992,4.44999981,0.339804441
"188","Lexington",3581,-71.1220016,42.2565002,32,32,0.0787499994,45,3.44000006,"no",0.437000006,6.78200006,41.0999985,3.78859997,5,398,15.1999998,6.67999983,0.240937218
"189","Lexington",3583,-71.1408005,42.2550011,29.7999992,29.7999992,0.12579,45,3.44000006,"no",0.437000006,6.55600023,29.1000004,4.56669998,5,398,15.1999998,4.55999994,1.12593377
"190","Lexington",3584,-71.1449966,42.2650986,34.9000015,34.9000015,0.0837000012,45,3.44000006,"no",0.437000006,7.18499994,38.9000015,4.56669998,5,398,15.1999998,5.38999987,0
"191","Lexington",3585,-71.1215973,42.2700005,37,33,0.0906800032,45,3.44000006,"no",0.437000006,6.95100021,21.5,6.47980022,5,398,15.1999998,5.0999999,1.54432464
"192","Lexington",3586,-71.1484985,42.2765007,30.5,30.5,0.0691099986,45,3.44000006,"no",0.437000006,6.73899984,30.7999992,6.47980022,5,398,15.1999998,4.69000006,0.573244572
"193","Lexington",3587,-71.1340027,42.2784996,36.4000015,36.4000015,0.0866400003,45,3.44000006,"no",0.437000006,7.17799997,26.2999992,6.47980022,5,398,15.1999998,2.86999989,0.510801315
"194","Bedford",3591,-71.1524963,42.2999992,31.1000004,31.1000004,0.0218700003,60,2.93000007,"no",0.400999993,6.80000019,9.89999962,6.2196002,1,265,15.6000004,5.03000021,0.280784249
"195","Bedford",3592,-71.1632996,42.3030014,29.1000004,29.1000004,0.0143900001,60,2.93000007,"no",0.400999993,6.60400009,18.7999992,6.2196002,1,265,15.6000004,4.38000011,1.62410784
"196","Lincoln",3602,-71.189003,42.2524986,50,50,0.0138100004,80,0.460000008,"no",0.421999991,7.875,32,5.64839983,4,255,14.3999996,2.97000003,0.212261692
"197","Concord",3611,-71.2200012,42.2714996,33.2999992,33.2999992,0.0401099995,80,1.51999998,"no",0.404000014,7.28700018,34.0999985,7.30900002,2,329,12.6000004,4.07999992,0
"198","Concord",3612,-71.2399979,42.2724991,30.2999992,30.2999992,0.0466599986,80,1.51999998,"no",0.404000014,7.10699987,36.5999985,7.30900002,2,329,12.6000004,8.60999966,3.47605467
"199","Concord",3613,-71.2220001,42.2890015,34.5999985,34.5999985,0.0376800001,80,1.51999998,"no",0.404000014,7.27400017,38.2999992,7.30900002,2,329,12.6000004,6.61999989,0.374124914
"200","Sudbury",3651,-71.2440033,42.2425003,34.9000015,34.9000015,0.0315000005,95,1.47000003,"no",0.402999997,6.9749999,15.3000002,7.65339994,3,402,17,4.55999994,0
"201","Sudbury",3652,-71.2630005,42.2224998,32.9000015,32.9000015,0.0177800003,95,1.47000003,"no",0.402999997,7.13500023,13.8999996,7.65339994,3,402,17,4.44999981,1.00806558
"202","Wayland",3661,-71.2184982,42.1954994,24.1000004,24.1000004,0.0344499983,82.5,2.02999997,"no",0.414999992,6.16200018,38.4000015,6.26999998,2,348,14.6999998,7.42999983,0.248906031
"203","Wayland",3662,-71.2139969,42.2179985,42.2999992,42.2999992,0.0217700005,82.5,2.02999997,"no",0.414999992,7.61000013,15.6999998,6.26999998,2,348,14.6999998,3.1099999,0.120751411
"204","Weston",3671,-71.1989975,42.2319984,48.5,48.5,0.0351000018,95,2.68000007,"no",0.416099995,7.85300016,33.2000008,5.11800003,4,224,14.6999998,3.80999994,0.327836633
"205","Weston",3672,-71.1989975,42.2057991,50,50,0.0200900007,95,2.68000007,"no",0.416099995,8.0340004,31.8999996,5.11800003,4,224,14.6999998,2.88000011,0.506001294
"206","Waltham",3681,-71.1474991,42.2444992,22.6000004,22.6000004,0.136419997,0,10.5900002,"no",0.488999993,5.89099979,22.2999992,3.9454,4,277,18.6000004,10.8699999,0
"207","Waltham",3682,-71.1500015,42.2308006,24.3999996,24.3999996,0.22969,0,10.5900002,"no",0.488999993,6.32600021,52.5,4.35489988,4,277,18.6000004,10.9700003,0.161318988
"208","Waltham",3683,-71.1490021,42.226799,22.5,22.5,0.25198999,0,10.5900002,"no",0.488999993,5.78299999,72.6999969,4.35489988,4,277,18.6000004,18.0599995,0.595674336
"209","Waltham",3684,-71.1502991,42.2220001,24.3999996,24.3999996,0.135869995,0,10.5900002,"yes",0.488999993,6.06400013,59.0999985,4.23920012,4,277,18.6000004,14.6599998,1.2488867
"210","Waltham",3685,-71.1429977,42.2216988,20,20,0.435710013,0,10.5900002,"yes",0.488999993,5.34399986,100,3.875,4,277,18.6000004,23.0900002,0
"211","Waltham",3686,-71.1435013,42.217701,21.7000008,21.7000008,0.174459994,0,10.5900002,"yes",0.488999993,5.96000004,92.0999985,3.87709999,4,277,18.6000004,17.2700005,0.290352523
"212","Waltham",3687,-71.1380005,42.2215996,19.2999992,19.2999992,0.375779986,0,10.5900002,"yes",0.488999993,5.40399981,88.5999985,3.66499996,4,277,18.6000004,23.9799995,0.131885737
"213","Waltham",3688,-71.1334991,42.2249985,22.3999996,22.3999996,0.217189997,0,10.5900002,"yes",0.488999993,5.80700016,53.7999992,3.65260005,4,277,18.6000004,16.0300007,0.474804223
"214","Waltham",3689,-71.1374969,42.2355003,28.1000004,28.1000004,0.140520006,0,10.5900002,"no",0.488999993,6.375,32.2999992,3.9454,4,277,18.6000004,9.38000011,0.886395395
"215","Waltham",3690,-71.1269989,42.2350006,23.7000008,23.7000008,0.289550006,0,10.5900002,"no",0.488999993,5.41200018,9.80000019,3.5875001,4,277,18.6000004,29.5499992,3.92970276
"216","Waltham",3691,-71.1244965,42.2276993,25,25,0.198019996,0,10.5900002,"no",0.488999993,6.18200016,42.4000015,3.9454,4,277,18.6000004,9.47000027,0.260060728
"217","Watertown",3701,-71.1166,42.2229996,23.2999992,23.2999992,0.0456000008,0,13.8900003,"yes",0.550000012,5.88800001,56,3.11209989,5,276,16.3999996,13.5100002,0.326243639
"218","Watertown",3702,-71.1050034,42.2234993,28.7000008,28.7000008,0.070129998,0,13.8900003,"no",0.550000012,6.6420002,85.0999985,3.4210999,5,276,16.3999996,9.68999958,0.327836633
"219","Watertown",3703,-71.0932999,42.2220001,21.5,21.5,0.110689998,0,13.8900003,"yes",0.550000012,5.95100021,93.8000031,2.88930011,5,276,16.3999996,17.9200001,0
"220","Watertown",3704,-71.1060028,42.2184982,23,23,0.114249997,0,13.8900003,"yes",0.550000012,6.37300014,92.4000015,3.36330009,5,276,16.3999996,10.5,0.251294971
"221","Newton",3731,-71.1100006,42.2136993,26.7000008,26.7000008,0.358090013,0,6.19999981,"yes",0.507000029,6.95100021,88.5,2.86170006,8,307,17.3999996,9.71000004,0.414059132
"222","Newton",3732,-71.1210022,42.2165985,21.7000008,21.7000008,0.407709986,0,6.19999981,"yes",0.507000029,6.16400003,91.3000031,3.0480001,8,307,17.3999996,21.4599991,0.131885737
"223","Newton",3733,-71.125,42.2134018,27.5,27.5,0.623560011,0,6.19999981,"yes",0.507000029,6.87900019,77.6999969,3.27209997,8,307,17.3999996,9.93000031,0.518802106
"224","Newton",3734,-71.1207962,42.2182999,30.1000004,30.1000004,0.614700019,0,6.19999981,"no",0.507000029,6.61800003,80.8000031,3.27209997,8,307,17.3999996,7.5999999,0
"225","Newton",3735,-71.1100006,42.2060013,44.7999992,44.7999992,0.315329999,0,6.19999981,"no",0.504000008,8.26599979,78.3000031,2.89439988,8,307,17.3999996,4.13999987,0.947602868
"226","Newton",3736,-71.1011963,42.1974983,50,50,0.526929975,0,6.19999981,"no",0.504000008,8.72500038,83,2.89439988,8,307,17.3999996,4.63000011,1.19385147
"227","Newton",3737,-71.1214981,42.2024994,37.5999985,37.5999985,0.382140011,0,6.19999981,"no",0.504000008,8.03999996,86.5,3.21569991,8,307,17.3999996,3.13000011,0.760141075
"228","Newton",3738,-71.1159973,42.1946983,31.6000004,31.6000004,0.41238001,0,6.19999981,"no",0.504000008,7.16300011,79.9000015,3.21569991,8,307,17.3999996,6.36000013,2.0016396
"229","Newton",3739,-71.1100006,42.1850014,46.7000008,46.7000008,0.298189998,0,6.19999981,"no",0.504000008,7.68599987,17,3.3750999,8,307,17.3999996,3.92000008,1.55815661
"230","Newton",3740,-71.1190033,42.1806984,31.5,31.5,0.441780001,0,6.19999981,"no",0.504000008,6.55200005,21.3999996,3.3750999,8,307,17.3999996,3.75999999,1.32828772
"231","Newton",3741,-71.1299973,42.1879997,24.2999992,24.2999992,0.537,0,6.19999981,"no",0.504000008,5.98099995,68.0999985,3.67149997,8,307,17.3999996,11.6499996,1.48983669
"232","Newton",3742,-71.1285019,42.1930008,31.7000008,31.7000008,0.462960005,0,6.19999981,"no",0.504000008,7.41200018,76.9000015,3.67149997,8,307,17.3999996,5.25,1.66974413
"233","Newton",3743,-71.1399994,42.1945992,41.7000008,41.7000008,0.575290024,0,6.19999981,"no",0.507000029,8.33699989,73.3000031,3.83839989,8,307,17.3999996,2.47000003,0.878344834
"234","Newton",3744,-71.1340027,42.2039986,48.2999992,48.2999992,0.331470013,0,6.19999981,"no",0.507000029,8.24699974,70.4000015,3.65190005,8,307,17.3999996,3.95000005,1.4410851
"235","Newton",3745,-71.1320038,42.2141991,29,29,0.447910011,0,6.19999981,"yes",0.507000029,6.72599983,66.5,3.65190005,8,307,17.3999996,8.05000019,2.98333406
"236","Newton",3746,-71.1380005,42.2140999,24,24,0.330449998,0,6.19999981,"no",0.507000029,6.08599997,61.5,3.65190005,8,307,17.3999996,10.8800001,1.62003648
"237","Newton",3747,-71.1484985,42.2109985,25.1000004,25.1000004,0.520579994,0,6.19999981,"yes",0.507000029,6.63100004,76.5,4.14799976,8,307,17.3999996,9.53999996,0.674240768
"238","Newton",3748,-71.1491013,42.2029991,31.5,31.5,0.511829972,0,6.19999981,"no",0.507000029,7.3579998,71.5999985,4.14799976,8,307,17.3999996,4.73000002,0.544414103
"239","Natick",3821,-71.2054977,42.1875,23.7000008,23.7000008,0.0824399963,30,4.92999983,"no",0.428000003,6.48099995,18.5,6.18989992,6,300,16.6000004,6.36000013,1.40373397
"240","Natick",3822,-71.2034988,42.1870003,23.2999992,23.2999992,0.0925199986,30,4.92999983,"no",0.428000003,6.60599995,42.2000008,6.18989992,6,300,16.6000004,7.36999989,1.05001998
"241","Natick",3823,-71.1966019,42.1640015,22,27,0.113289997,30,4.92999983,"no",0.428000003,6.89699984,54.2999992,6.3361001,6,300,16.6000004,11.3800001,0.450018853
"242","Natick",3824,-71.2137985,42.1645012,20.1000004,20.1000004,0.106119998,30,4.92999983,"no",0.428000003,6.09499979,65.0999985,6.3361001,6,300,16.6000004,12.3999996,0.181212902
"243","Natick",3825,-71.2200012,42.1781998,22.2000008,22.2000008,0.102899998,30,4.92999983,"no",0.428000003,6.3579998,52.9000015,7.03550005,6,300,16.6000004,11.2200003,1.94674337
"244","Natick",3826,-71.2320023,42.1725006,23.7000008,23.7000008,0.127570003,30,4.92999983,"no",0.428000003,6.39300013,7.80000019,7.03550005,6,300,16.6000004,5.19000006,1.7864399
"245","Framingham",3831,-71.2434998,42.1629982,17.6000004,17.6000004,0.206080005,22,5.86000013,"no",0.430999994,5.59299994,76.5,7.95489979,7,330,19.1000004,12.5,1.96804214
"246","Framingham",3832,-71.2574997,42.1618004,18.5,18.5,0.191330001,22,5.86000013,"no",0.430999994,5.60500002,70.1999969,7.95489979,7,330,19.1000004,18.4599991,0.619714975
"247","Framingham",3833,-71.262001,42.1689987,24.2999992,24.2999992,0.339830011,22,5.86000013,"no",0.430999994,6.1079998,34.9000015,8.05550003,7,330,19.1000004,9.15999985,0.535610795
"248","Framingham",3834,-71.2470016,42.1702995,20.5,20.5,0.196569994,22,5.86000013,"no",0.430999994,6.22599983,79.1999969,8.05550003,7,330,19.1000004,10.1499996,1.66974413
"249","Framingham",3835,-71.2549973,42.1767006,24.5,24.5,0.164389998,22,5.86000013,"no",0.430999994,6.43300009,49.0999985,7.82649994,7,330,19.1000004,9.52000046,1.7864399
"250","Framingham",3836,-71.2474976,42.1824989,26.2000008,26.2000008,0.190730006,22,5.86000013,"no",0.430999994,6.71799994,17.5,7.82649994,7,330,19.1000004,6.55999994,0.251294971
"251","Framingham",3837,-71.237999,42.1910019,24.3999996,24.3999996,0.140300006,22,5.86000013,"no",0.430999994,6.48699999,13,7.39669991,7,330,19.1000004,5.9000001,0.0492263213
"252","Framingham",3838,-71.2434998,42.1982002,24.7999992,24.7999992,0.214090005,22,5.86000013,"no",0.430999994,6.4380002,8.89999962,7.39669991,7,330,19.1000004,3.58999991,1.5939734
"253","Framingham",3839,-71.2685013,42.1935005,29.6000004,29.6000004,0.0822099969,22,5.86000013,"no",0.430999994,6.95699978,6.80000019,8.90670013,7,330,19.1000004,3.52999997,0.863858283
"254","Framingham",3840,-71.2807007,42.172699,42.7999992,42.7999992,0.368939996,22,5.86000013,"no",0.430999994,8.25899982,8.39999962,8.90670013,7,330,19.1000004,3.53999996,0
"255","Ashland",3851,-71.2894974,42.1575012,21.8999996,21.8999996,0.0481900014,80,3.6400001,"no",0.39199999,6.1079998,32,9.22029972,1,315,16.3999996,6.57000017,0.319061399
"256","Ashland",3852,-71.2689972,42.148201,20.8999996,20.8999996,0.0354800001,80,3.6400001,"no",0.39199999,5.87599993,19.1000004,9.22029972,1,315,16.3999996,9.25,0.136657193
"257","Sherborn",3861,-71.2229996,42.1450005,44,44,0.0153799998,90,3.75,"no",0.393999994,7.454,34.2000008,6.3361001,3,244,15.8999996,3.1099999,0.843745887
"258","Brookline",4001,-71.0679016,42.2072983,50,50,0.61154002,20,3.97000003,"no",0.647000015,8.70400047,86.9000015,1.801,5,264,13,5.11999989,0.574041843
"259","Brookline",4002,-71.0727005,42.2076988,36,36,0.663510025,20,3.97000003,"no",0.647000015,7.33300018,100,1.89460003,5,264,13,7.78999996,1.08957899
"260","Brookline",4003,-71.0764999,42.2075005,30.1000004,30.1000004,0.656650007,20,3.97000003,"no",0.647000015,6.84200001,100,2.01069999,5,264,13,6.9000001,0.395688325
"261","Brookline",4004,-71.0800018,42.2039986,33.7999992,33.7999992,0.540109992,20,3.97000003,"no",0.647000015,7.20300007,81.8000031,2.11209989,5,264,13,9.59000015,0.326243639
"262","Brookline",4005,-71.0790024,42.2019997,43.0999985,43.0999985,0.534120023,20,3.97000003,"no",0.647000015,7.51999998,89.4000015,2.13980007,5,264,13,7.26000023,0.680660546
"263","Brookline",4006,-71.0835037,42.2000008,48.7999992,48.7999992,0.520139992,20,3.97000003,"no",0.647000015,8.39799976,91.5,2.28850007,5,264,13,5.90999985,0.801930666
"264","Brookline",4007,-71.0749969,42.1980019,31,31,0.825259984,20,3.97000003,"no",0.647000015,7.32700014,94.5,2.07879996,5,264,13,11.25,0.276797682
"265","Brookline",4008,-71.0709991,42.2029991,36.5,36.5,0.550069988,20,3.97000003,"no",0.647000015,7.20599985,91.5999985,1.93009996,5,264,13,8.10000038,0.719183445
"266","Brookline",4009,-71.0699997,42.2000008,22.7999992,22.7999992,0.761619985,20,3.97000003,"no",0.647000015,5.55999994,62.7999992,1.98650002,5,264,13,10.4499998,0.358161211
"267","Brookline",4010,-71.0725021,42.1964989,30.7000008,30.7000008,0.785700023,20,3.97000003,"no",0.647000015,7.01399994,84.5999985,2.1329,5,264,13,14.79,1.02661788
"268","Brookline",4011,-71.0849991,42.1925011,50,50,0.578339994,20,3.97000003,"no",0.574999988,8.29699993,67,2.4216001,5,264,13,7.44000006,0.988708973
"269","Brookline",4012,-71.0924988,42.2075005,43.5,43.5,0.540499985,20,3.97000003,"no",0.574999988,7.46999979,52.5999985,2.87199998,5,264,13,3.16000009,0.526007354
"270","Dedham",4021,-71.0979996,42.1539993,20.7000008,20.7000008,0.0906499997,20,6.96000004,"yes",0.463999987,5.92000008,61.5,3.91750002,3,223,18.6000004,13.6499996,0.442827135
"271","Dedham",4022,-71.086998,42.1409988,21.1000004,21.1000004,0.299160004,20,6.96000004,"no",0.463999987,5.85599995,42.0999985,4.4289999,3,223,18.6000004,13,0.658200204
"272","Dedham",4023,-71.0940018,42.1355019,25.2000008,25.2000008,0.162110001,20,6.96000004,"no",0.463999987,6.23999977,16.2999992,4.4289999,3,223,18.6000004,6.59000015,0
"273","Dedham",4024,-71.0981979,42.1445007,24.3999996,24.3999996,0.114600003,20,6.96000004,"no",0.463999987,6.53800011,58.7000008,3.91750002,3,223,18.6000004,7.73000002,0.154157951
"274","Dedham",4025,-71.1169968,42.151001,35.2000008,35.2000008,0.221880004,20,6.96000004,"yes",0.463999987,7.69099998,51.7999992,4.3664999,3,223,18.6000004,6.57999992,0.488402009
"275","Needham",4031,-71.1305008,42.1674995,32.4000015,32.4000015,0.0564399995,40,6.40999985,"yes",0.446999997,6.7579999,32.9000015,4.0776,4,254,17.6000004,3.52999997,0
"276","Needham",4032,-71.1380005,42.1733017,32,32,0.096040003,40,6.40999985,"no",0.446999997,6.85400009,42.7999992,4.26730013,4,254,17.6000004,2.98000002,0
"277","Needham",4033,-71.1405029,42.1632004,33.2000008,33.2000008,0.10469,40,6.40999985,"yes",0.446999997,7.2670002,49,4.78719997,4,254,17.6000004,6.05000019,0.610096157
"278","Needham",4034,-71.149498,42.1730003,33.0999985,33.0999985,0.0612699986,40,6.40999985,"yes",0.446999997,6.82600021,27.6000004,4.86280012,4,254,17.6000004,4.15999985,0.27440539
"279","Needham",4035,-71.1395035,42.1813011,29.1000004,29.1000004,0.0797799975,40,6.40999985,"no",0.446999997,6.48199987,32.0999985,4.1402998,4,254,17.6000004,7.19000006,0
"280","Wellesley",4041,-71.1480026,42.1879997,35.0999985,35.0999985,0.210380003,20,3.32999992,"no",0.442900002,6.8119998,32.2000008,4.1006999,5,216,14.8999996,4.8499999,0
"281","Wellesley",4042,-71.1660004,42.1870003,45.4000015,45.4000015,0.0357800014,20,3.32999992,"no",0.442900002,7.82000017,64.5,4.69469976,5,216,14.8999996,3.75999999,0.76576519
"282","Wellesley",4043,-71.1849976,42.1847992,35.4000015,35.4000015,0.0370500013,20,3.32999992,"no",0.442900002,6.96799994,37.2000008,5.24469995,5,216,14.8999996,4.59000015,0.371731311
"283","Wellesley",4044,-71.1774979,42.1735001,46,46,0.0612899996,20,3.32999992,"yes",0.442900002,7.64499998,49.7000008,5.21190023,5,216,14.8999996,3.00999999,1.5939734
"284","Dover",4051,-71.1729965,42.1474991,50,50,0.0150100002,90,1.21000004,"yes",0.400999993,7.92299986,24.7999992,5.88500023,1,198,13.6000004,3.16000009,0.109619044
"285","Medfield",4061,-71.1800003,42.1105003,32.2000008,32.2000008,0.00906000007,90,2.97000003,"no",0.400000006,7.08799982,20.7999992,7.30730009,1,285,15.3000002,7.8499999,0.173255056
"286","Millis",4071,-71.213501,42.0999985,22,22,0.0109599996,55,2.25,"no",0.388999999,6.45300007,31.8999996,7.30730009,1,300,15.3000002,8.22999954,0.173255056
"287","Norfolk",4091,-71.1949997,42.0675011,20.1000004,20.1000004,0.0196499992,80,1.75999999,"no",0.38499999,6.23000002,31.5,9.08920002,1,241,18.2000008,12.9300003,4.55344296
"288","Walpole",4111,-71.1480026,42.0774994,23.2000008,23.2000008,0.0387100019,52.5,5.32000017,"no",0.405000001,6.20900011,31.2999992,7.31720018,6,293,16.6000004,7.13999987,0
"289","Walpole",4112,-71.1324997,42.0940018,22.2999992,22.2999992,0.0458999984,52.5,5.32000017,"no",0.405000001,6.31500006,45.5999985,7.31720018,6,293,16.6000004,7.5999999,0
"290","Walpole",4113,-71.1549988,42.0979996,24.7999992,24.7999992,0.0429700017,52.5,5.32000017,"no",0.405000001,6.56500006,22.8999996,7.31720018,6,293,16.6000004,9.51000023,2.03115416
"291","Westwood",4121,-71.1384964,42.1235008,28.5,28.5,0.0350200012,80,4.94999981,"no",0.411000013,6.86100006,27.8999996,5.11670017,4,245,19.2000008,3.32999992,0
"292","Westwood",4122,-71.1330032,42.1408005,37.2999992,37.2999992,0.0788599998,80,4.94999981,"no",0.411000013,7.14799976,27.7000008,5.11670017,4,245,19.2000008,3.55999994,0
"293","Westwood",4123,-71.1070023,42.1306992,27.8999996,27.8999996,0.036150001,80,4.94999981,"no",0.411000013,6.63000011,23.3999996,5.11670017,4,245,19.2000008,4.69999981,0
"294","Norwood",4131,-71.1090012,42.1100006,23.8999996,23.8999996,0.0826499984,0,13.9200001,"no",0.437000006,6.12699986,18.3999996,5.50269985,4,289,16,8.57999992,0
"295","Norwood",4132,-71.1179962,42.1217003,21.7000008,21.7000008,0.0819900036,0,13.9200001,"no",0.437000006,6.00899982,42.2999992,5.50269985,4,289,16,10.3999996,0
"296","Norwood",4133,-71.1308975,42.1166,28.6000004,28.6000004,0.129319996,0,13.9200001,"no",0.437000006,6.67799997,31.1000004,5.9604001,4,289,16,6.26999998,0
"297","Norwood",4134,-71.1279984,42.1108017,27.1000004,27.1000004,0.0537200011,0,13.9200001,"no",0.437000006,6.54899979,51,5.9604001,4,289,16,7.38999987,0.322251827
"298","Norwood",4135,-71.1210022,42.1025009,20.2999992,20.2999992,0.141029999,0,13.9200001,"no",0.437000006,5.78999996,58,6.32000017,4,289,16,15.8400002,0
"299","Sharon",4141,-71.1200027,42.0724983,22.5,22.5,0.0646599978,70,2.24000001,"no",0.400000006,6.34499979,20.1000004,7.8277998,5,358,14.8000002,4.96999979,2.3172183
"300","Sharon",4142,-71.0999985,42.0589981,29,29,0.0556100011,70,2.24000001,"no",0.400000006,7.04099989,10,7.8277998,5,358,14.8000002,4.73999977,2.04263997
"301","Sharon",4143,-71.1035004,42.0735016,24.7999992,24.7999992,0.0441699997,70,2.24000001,"no",0.400000006,6.87099981,47.4000015,7.8277998,5,358,14.8000002,6.07000017,0.481203526
"302","Canton",4151,-71.0875015,42.0950012,22,22,0.0353699997,34,6.09000015,"no",0.432999998,6.59000015,40.4000015,5.49170017,7,329,16.1000004,9.5,0.0913371518
"303","Canton",4152,-71.0625,42.1020012,26.3999996,26.3999996,0.0926600024,34,6.09000015,"no",0.432999998,6.49499989,18.3999996,5.49170017,7,329,16.1000004,8.67000008,1.06374407
"304","Canton",4153,-71.0865021,42.1199989,33.0999985,33.0999985,0.100000001,34,6.09000015,"no",0.432999998,6.98199987,17.7000008,5.49170017,7,329,16.1000004,4.86000013,0.515601695
"305","Milton",4161,-71.0465012,42.1450005,36.0999985,36.0999985,0.0551499985,33,2.18000007,"no",0.472000003,7.23600006,41.0999985,4.02199984,7,222,18.3999996,6.92999983,0.256075501
"306","Milton",4162,-71.0569992,42.1525002,28.3999996,28.3999996,0.0547900014,33,2.18000007,"no",0.472000003,6.61600018,58.0999985,3.36999989,7,222,18.3999996,8.93000031,0.281582534
"307","Milton",4163,-71.0449982,42.1590004,33.4000015,33.4000015,0.075029999,33,2.18000007,"no",0.472000003,7.42000008,71.9000015,3.09920001,7,222,18.3999996,6.46999979,0
"308","Milton",4164,-71.0279999,42.1565018,28.2000008,28.2000008,0.0493200012,33,2.18000007,"no",0.472000003,6.84899998,70.3000031,3.18269992,7,222,18.3999996,7.53000021,0
"309","Quincy",4171,-71.0138016,42.1554985,22.7999992,22.7999992,0.492980003,0,9.89999962,"no",0.54400003,6.63500023,82.5,3.31750011,4,304,18.3999996,4.53999996,0
"310","Quincy",4172,-71.0201035,42.1599998,20.2999992,20.2999992,0.349400014,0,9.89999962,"no",0.54400003,5.97200012,76.6999969,3.10249996,4,304,18.3999996,9.97000027,0.0524030663
"311","Quincy",4173,-71.0159988,42.1759987,16.1000004,16.1000004,2.63547993,0,9.89999962,"no",0.54400003,4.97300005,37.7999992,2.51939988,4,304,18.3999996,12.6400003,3.80118179
"312","Quincy",4174,-71.0074997,42.1780014,22.1000004,22.1000004,0.790409982,0,9.89999962,"no",0.54400003,6.12200022,52.7999992,2.64030004,4,304,18.3999996,5.98000002,0
"313","Quincy",4175,-71.0149994,42.1669998,19.3999996,19.3999996,0.261689991,0,9.89999962,"no",0.54400003,6.02299976,90.4000015,2.83400011,4,304,18.3999996,11.7200003,0.0476380102
"314","Quincy",4176,-71.0074997,42.1613007,21.6000004,21.6000004,0.269380003,0,9.89999962,"no",0.54400003,6.26599979,82.8000031,3.26279998,4,304,18.3999996,7.9000001,0.279190063
"315","Quincy",4177,-71,42.1529999,23.7999992,23.7999992,0.369199991,0,9.89999962,"no",0.54400003,6.56699991,87.3000031,3.60229993,4,304,18.3999996,9.27999973,0.096105516
"316","Quincy",4178,-70.9794998,42.1580009,16.2000008,16.2000008,0.253560007,0,9.89999962,"no",0.54400003,5.70499992,77.6999969,3.94499993,4,304,18.3999996,11.5,0.0381066054
"317","Quincy",4179,-70.987999,42.1484985,17.7999992,17.7999992,0.318269998,0,9.89999962,"no",0.54400003,5.91400003,83.1999969,3.99860001,4,304,18.3999996,18.3299999,0.493999302
"318","Quincy",4180,-71.0039978,42.1425018,19.7999992,19.7999992,0.245220006,0,9.89999962,"no",0.54400003,5.78200006,71.6999969,4.03170013,4,304,18.3999996,15.9399996,0
"319","Quincy",4181,-71.0100021,42.1500015,23.1000004,23.1000004,0.402020007,0,9.89999962,"no",0.54400003,6.38199997,67.1999969,3.53250003,4,304,18.3999996,10.3599997,0.134270236
"320","Quincy",4182,-71.0199966,42.151001,21,21,0.475470006,0,9.89999962,"no",0.54400003,6.11299992,58.7999992,4.0019002,4,304,18.3999996,12.7299995,0.0531960949
"321","Braintree",4191,-71.0084991,42.1290016,23.7999992,23.7999992,0.167600006,0,7.38000011,"no",0.493000001,6.42600012,52.2999992,4.54040003,5,287,19.6000004,7.19999981,0
"322","Braintree",4192,-70.9974976,42.1339989,23.1000004,23.1000004,0.181590006,0,7.38000011,"no",0.493000001,6.37599993,54.2999992,4.54040003,5,287,19.6000004,6.86999989,0
"323","Braintree",4193,-70.9899979,42.1366997,20.3999996,20.3999996,0.351139992,0,7.38000011,"no",0.493000001,6.04099989,49.9000015,4.72109985,5,287,19.6000004,7.69999981,0
"324","Braintree",4194,-70.9833984,42.1375008,18.5,18.5,0.28391999,0,7.38000011,"no",0.493000001,5.70800018,74.3000031,4.72109985,5,287,19.6000004,11.7399998,0.459613025
"325","Braintree",4195,-70.989502,42.1264992,25,25,0.341089994,0,7.38000011,"no",0.493000001,6.41499996,40.0999985,4.72109985,5,287,19.6000004,6.11999989,0
"326","Braintree",4196,-71,42.1066017,24.6000004,24.6000004,0.191860005,0,7.38000011,"no",0.493000001,6.43100023,14.6999998,5.41590023,5,287,19.6000004,5.07999992,0.256075501
"327","Braintree",4197,-70.9994965,42.1175003,23,23,0.303469986,0,7.38000011,"no",0.493000001,6.3119998,28.8999996,5.41590023,5,287,19.6000004,6.1500001,0
"328","Braintree",4198,-71.0100021,42.1214981,22.2000008,22.2000008,0.241029993,0,7.38000011,"no",0.493000001,6.08300018,43.7000008,5.41590023,5,287,19.6000004,12.79,0
"329","Randolph",4201,-71.0274963,42.112999,19.2999992,19.2999992,0.0661699995,0,3.24000001,"no",0.460000008,5.86800003,25.7999992,5.21460009,4,430,16.8999996,9.97000027,1.15826643
"330","Randolph",4202,-71.0414963,42.1150017,22.6000004,22.6000004,0.0672399998,0,3.24000001,"no",0.460000008,6.33300018,17.2000008,5.21460009,4,430,16.8999996,7.34000015,1.74561346
"331","Randolph",4203,-71.0250015,42.0979996,19.7999992,19.7999992,0.0454399996,0,3.24000001,"no",0.460000008,6.14400005,32.2000008,5.87360001,4,430,16.8999996,9.09000015,2.29003382
"332","Holbrook",4211,-71.0114975,42.0864983,17.1000004,17.1000004,0.0502300002,35,6.05999994,"no",0.437900007,5.70599985,28.3999996,6.64069986,1,304,16.8999996,12.4300003,0.22898829
"333","Holbrook",4212,-70.9960022,42.0895004,19.3999996,19.3999996,0.0346600004,35,6.05999994,"no",0.437900007,6.03100014,23.2999992,6.64069986,1,304,16.8999996,7.82999992,2.81279206
"334","Weymouth",4221,-70.9794998,42.0994987,22.2000008,22.2000008,0.0508299991,0,5.19000006,"no",0.514999986,6.31599998,38.0999985,6.45839977,5,224,20.2000008,5.67999983,0.573244572
"335","Weymouth",4222,-70.9649963,42.1010017,20.7000008,20.7000008,0.0373799987,0,5.19000006,"no",0.514999986,6.30999994,38.5,6.45839977,5,224,20.2000008,6.75,0.598076522
"336","Weymouth",4223,-70.9700012,42.1150017,21.1000004,21.1000004,0.0396099985,0,5.19000006,"no",0.514999986,6.03700018,34.5,5.98530006,5,224,20.2000008,8.01000023,0
"337","Weymouth",4224,-70.9759979,42.1279984,19.5,19.5,0.0342699997,0,5.19000006,"no",0.514999986,5.86899996,46.2999992,5.23110008,5,224,20.2000008,9.80000019,0
"338","Weymouth",4225,-70.9601974,42.1269989,18.5,18.5,0.0304099992,0,5.19000006,"no",0.514999986,5.89499998,59.5999985,5.61499977,5,224,20.2000008,10.5600004,0.166092664
"339","Weymouth",4226,-70.9633026,42.1374016,20.6000004,20.6000004,0.0330599993,0,5.19000006,"no",0.514999986,6.05900002,37.2999992,4.81220007,5,224,20.2000008,8.51000023,0.0603456348
"340","Weymouth",4227,-70.9674988,42.144001,19,19,0.0549699999,0,5.19000006,"no",0.514999986,5.98500013,45.4000015,4.81220007,5,224,20.2000008,9.73999977,0
"341","Weymouth",4228,-70.9649963,42.1502991,18.7000008,18.7000008,0.0615100004,0,5.19000006,"no",0.514999986,5.96799994,58.5,4.81220007,5,224,20.2000008,9.28999996,0
"342","Cohasset",4231,-70.8874969,42.1464996,32.7000008,32.7000008,0.0130099999,35,1.51999998,"no",0.442000002,7.24100018,49.2999992,7.03789997,1,284,15.5,5.48999977,0.171663597
"343","Hull",5001,-70.9150009,42.1599998,16.5,16.5,0.0249799993,0,1.88999999,"no",0.518000007,6.53999996,59.7000008,6.26690006,1,422,15.8999996,8.64999962,0.553223372
"344","Hingham",5011,-70.9369965,42.1474991,23.8999996,23.8999996,0.0254299995,55,3.77999997,"no",0.483999997,6.6960001,56.4000015,5.73210001,5,370,17.6000004,7.17999983,0
"345","Hingham",5012,-70.9325027,42.1230011,31.2000008,31.2000008,0.0304899998,55,3.77999997,"no",0.483999997,6.87400007,28.1000004,6.46540022,5,370,17.6000004,4.61000013,0.712762117
"346","Rockland",5021,-70.9469986,42.0724983,17.5,17.5,0.0311299991,0,4.38999987,"no",0.442000002,6.01399994,48.5,8.01360035,3,352,18.7999992,10.5299997,0.900078475
"347","Rockland",5022,-70.9501038,42.0825005,17.2000008,17.2000008,0.0616200007,0,4.38999987,"no",0.442000002,5.89799976,52.2999992,8.01360035,3,352,18.7999992,12.6700001,2.61705661
"348","Hanover",5031,-70.9274979,42.0794983,23.1000004,23.1000004,0.0186999999,85,4.1500001,"no",0.42899999,6.51599979,27.7000008,8.53530025,4,351,17.8999996,6.36000013,0.35576582
"349","Norwell",5041,-70.9199982,42.1016006,24.5,24.5,0.0150100002,80,2.00999999,"no",0.435000002,6.63500023,29.7000008,8.34399986,4,280,17,5.98999977,0.474804223
"350","Scituate",5051,-70.8550034,42.1300011,26.6000004,26.6000004,0.0289900005,40,1.25,"no",0.42899999,6.93900013,34.5,8.79209995,1,335,19.7000008,5.88999987,0.562029123
"351","Scituate",5052,-70.8330002,42.1150017,22.8999996,22.8999996,0.0621099994,40,1.25,"no",0.42899999,6.48999977,44.4000015,8.79209995,1,335,19.7000008,5.98000002,0
"352","Marshfield",5061,-70.8300018,42.0774994,24.1000004,24.1000004,0.0794999972,60,1.69000006,"no",0.411000013,6.579,35.9000015,10.7103004,4,411,18.2999992,5.48999977,2.10829353
"353","Marshfield",5062,-70.8099976,42.0589981,18.6000004,18.6000004,0.0724399984,60,1.69000006,"no",0.411000013,5.88399982,18.5,10.7103004,4,411,18.2999992,7.78999996,0.363749236
"354","Duxbury",5071,-70.8300018,42.0485001,30.1000004,30.1000004,0.0170900002,90,2.01999998,"no",0.409999996,6.72800016,36.0999985,12.1265001,5,187,17,4.5,0.995161295
"355","Pembroke",5081,-70.8529968,42.0519981,18.2000008,18.2000008,0.0430100001,80,1.90999997,"no",0.412999988,5.66300011,21.8999996,10.5857,4,334,22,8.05000019,1.12916815
"356","Pembroke",5082,-70.8525009,42.0299988,20.6000004,20.6000004,0.106590003,80,1.90999997,"no",0.412999988,5.93599987,19.5,10.5857,4,334,22,5.57000017,1.67789865
"357","Boston Allston-Brighton",1,-71.0830002,42.2172012,17.7999992,17.7999992,8.98295975,0,18.1000004,"yes",0.769999981,6.21199989,97.4000015,2.12220001,24,666,20.2000008,17.6000004,1.54025614
"358","Boston Allston-Brighton",2,-71.0950012,42.2120018,21.7000008,21.7000008,3.84969997,0,18.1000004,"yes",0.769999981,6.39499998,91,2.50519991,24,666,20.2000008,13.2700005,0.442827135
"359","Boston Allston-Brighton",3,-71.1007004,42.2099991,22.7000008,22.7000008,5.20176983,0,18.1000004,"yes",0.769999981,6.12699986,83.4000015,2.72270012,24,666,20.2000008,11.4799995,0.116774999
"360","Boston Allston-Brighton",4,-71.0930023,42.2070007,22.6000004,22.6000004,4.2613101,0,18.1000004,"no",0.769999981,6.11199999,81.3000031,2.50909996,24,666,20.2000008,12.6700001,0.490802497
"361","Boston Allston-Brighton",5,-71.0904999,42.2033005,25,25,4.54192019,0,18.1000004,"no",0.769999981,6.39799976,88,2.51819992,24,666,20.2000008,7.78999996,1.79869294
"362","Boston Allston-Brighton",6,-71.0865021,42.2099991,19.8999996,19.8999996,3.83683991,0,18.1000004,"no",0.769999981,6.25099993,91.0999985,2.29550004,24,666,20.2000008,14.1899996,3.78429413
"363","Boston Allston-Brighton",7,-71.0810013,42.2080002,20.7999992,20.7999992,3.67822003,0,18.1000004,"no",0.769999981,5.36199999,96.1999969,2.10360003,24,666,20.2000008,10.1899996,1.29181612
"364","Boston Allston-Brighton",8,-71.0865021,42.2150002,16.7999992,16.7999992,4.22239017,0,18.1000004,"yes",0.769999981,5.80299997,89,1.90470004,24,666,20.2000008,14.6400003,3.58282995
"365","Boston Back Bay",101,-71.0589981,42.2098007,21.8999996,21.8999996,3.47428012,0,18.1000004,"yes",0.717999995,8.77999973,82.9000015,1.90470004,24,666,20.2000008,5.28999996,3.45590091
"366","Boston Back Bay",102,-71.0595016,42.2075005,27.5,27.5,4.55587006,0,18.1000004,"no",0.717999995,3.56100011,87.9000015,1.61319995,24,666,20.2000008,7.11999989,3.4433043
"367","Boston Back Bay",104,-71.0540009,42.2052002,21.8999996,21.8999996,3.69694996,0,18.1000004,"no",0.717999995,4.96299982,91.4000015,1.75230002,24,666,20.2000008,14,6.7834549
"368","Boston Back Bay",105,-71.0507965,42.2070007,23.1000004,23.1000004,13.5221996,0,18.1000004,"no",0.630999982,3.86299992,100,1.51059997,24,666,20.2000008,13.3299999,26.7481041
"369","Boston Back Bay",107,-71.0479965,42.2104988,50,50,4.89822006,0,18.1000004,"no",0.630999982,4.96999979,100,1.33249998,24,666,20.2000008,3.25999999,1.72031403
"370","Boston Back Bay",108,-71.0496979,42.2125015,50,50,5.66998005,0,18.1000004,"yes",0.630999982,6.68300009,96.8000031,1.35669994,24,666,20.2000008,3.73000002,1.73581791
"371","Boston Beacon Hill",201,-71.0421982,42.2144012,50,50,6.53876019,0,18.1000004,"yes",0.630999982,7.01599979,97.5,1.20239997,24,666,20.2000008,2.96000004,0.386103928
"372","Boston Beacon Hill",202,-71.0417023,42.2159996,50,50,9.2322998,0,18.1000004,"no",0.630999982,6.21600008,100,1.16910005,24,666,20.2000008,9.52999973,2.48967099
"373","Boston Beacon Hill",203,-71.0397034,42.2182007,50,50,8.26725006,0,18.1000004,"yes",0.667999983,5.875,89.5999985,1.12960005,24,666,20.2000008,8.88000011,4.01864672
"374","Boston North End",301,-71.0338974,42.2206993,13.8000002,13.8000002,11.1080999,0,18.1000004,"no",0.667999983,4.90600014,100,1.17420006,24,666,20.2000008,34.7700005,0
"375","Boston North End",302,-71.0345993,42.2187004,13.8000002,13.8000002,18.4981995,0,18.1000004,"no",0.667999983,4.13800001,100,1.13699996,24,666,20.2000008,37.9700012,0
"376","Boston Charlestown",401,-71.0366974,42.223999,15,15,19.6091003,0,18.1000004,"no",0.671000004,7.3130002,97.9000015,1.31630003,24,666,20.2000008,13.4399996,0
"377","Boston Charlestown",402,-71.0339966,42.2260017,13.8999996,13.8999996,15.2880001,0,18.1000004,"no",0.671000004,6.64900017,93.3000031,1.34490001,24,666,20.2000008,23.2399998,2.74885869
"378","Boston Charlestown",403,-71.038002,42.2265015,13.3000002,13.3000002,9.82349014,0,18.1000004,"no",0.671000004,6.79400015,98.8000031,1.35800004,24,666,20.2000008,21.2399998,0
"379","Boston Charlestown",404,-71.0400009,42.2248001,13.1000004,13.1000004,23.6481991,0,18.1000004,"no",0.671000004,6.38000011,96.1999969,1.38610005,24,666,20.2000008,23.6900005,0
"380","Boston Charlestown",405,-71.0400009,42.2275009,10.1999998,10.1999998,17.8666992,0,18.1000004,"no",0.671000004,6.22300005,100,1.38610005,24,666,20.2000008,21.7800007,0.251294971
"381","Boston Charlestown",406,-71.0459976,42.2299995,10.3999996,10.3999996,88.9761963,0,18.1000004,"no",0.671000004,6.96799994,91.9000015,1.41649997,24,666,20.2000008,17.2099991,0
"382","Boston East Boston",407,-71.0410004,42.2290001,10.8999996,10.8999996,15.8744001,0,18.1000004,"no",0.671000004,6.54500008,99.0999985,1.51919997,24,666,20.2000008,21.0799999,0
"383","Boston East Boston",501,-71.0230026,42.2286987,11.3000002,11.3000002,9.1870203,0,18.1000004,"no",0.699999988,5.53599977,100,1.58039999,24,666,20.2000008,23.6000004,0
"384","Boston East Boston",502,-71.0214996,42.2270012,12.3000002,12.3000002,7.9924798,0,18.1000004,"no",0.699999988,5.51999998,100,1.53310001,24,666,20.2000008,24.5599995,0
"385","Boston East Boston",503,-71.024498,42.2234993,8.80000019,8.80000019,20.0848999,0,18.1000004,"no",0.699999988,4.36800003,91.1999969,1.43949997,24,666,20.2000008,30.6299992,9.53692913
"386","Boston East Boston",504,-71.0234985,42.2212982,7.19999981,7.19999981,16.8118,0,18.1000004,"no",0.699999988,5.27699995,98.0999985,1.42610002,24,666,20.2000008,30.8099995,0
"387","Boston East Boston",506,-71.0227966,42.2230988,10.5,10.5,24.3938007,0,18.1000004,"no",0.699999988,4.65199995,100,1.46720004,24,666,20.2000008,28.2800007,0
"388","Boston East Boston",507,-71.0214996,42.2248001,7.4000001,7.4000001,22.5970993,0,18.1000004,"no",0.699999988,5,89.5,1.51839995,24,666,20.2000008,31.9899998,0
"389","Boston East Boston",508,-71.0195007,42.2254982,10.1999998,10.1999998,14.3337002,0,18.1000004,"no",0.699999988,4.88000011,100,1.58949995,24,666,20.2000008,30.6200008,1.9328233
"390","Boston East Boston",509,-71.0167999,42.2280998,11.5,11.5,8.15174007,0,18.1000004,"no",0.699999988,5.38999987,98.9000015,1.72809994,24,666,20.2000008,20.8500004,0
"391","Boston East Boston",510,-71.0109024,42.2299995,15.1000004,15.1000004,6.9621501,0,18.1000004,"no",0.699999988,5.71299982,97,1.92649996,24,666,20.2000008,17.1100006,0.196339145
"392","Boston East Boston",511,-71.0035019,42.2330017,23.2000008,23.2000008,5.29304981,0,18.1000004,"no",0.699999988,6.05100012,82.5,2.16779995,24,666,20.2000008,18.7600002,1.48739958
"393","Boston East Boston",512,-71.0199966,42.2205009,9.69999981,9.69999981,11.5778999,0,18.1000004,"no",0.699999988,5.03599977,97,1.76999998,24,666,20.2000008,25.6800003,0
"394","Boston South Boston",601,-71.0167007,42.2010002,13.8000002,13.8000002,8.64476013,0,18.1000004,"no",0.693000019,6.19299984,92.5999985,1.79120004,24,666,20.2000008,15.1700001,0
"395","Boston South Boston",602,-71.0199966,42.1992989,12.6999998,12.6999998,13.3598003,0,18.1000004,"no",0.693000019,5.88700008,94.6999969,1.78209996,24,666,20.2000008,16.3500004,0
"396","Boston South Boston",603,-71.0220032,42.1996002,13.1000004,13.1000004,8.71675014,0,18.1000004,"no",0.693000019,6.47100019,98.8000031,1.72570002,24,666,20.2000008,17.1200008,0.391692072
"397","Boston South Boston",604,-71.026001,42.1992989,12.5,12.5,5.87204981,0,18.1000004,"no",0.693000019,6.40500021,96,1.67680001,24,666,20.2000008,19.3700008,0
"398","Boston South Boston",605,-71.0250015,42.2024002,8.5,8.5,7.67201996,0,18.1000004,"no",0.693000019,5.74700022,98.9000015,1.63339996,24,666,20.2000008,19.9200001,0.302313149
"399","Boston South Boston",606,-71.0230026,42.2089996,5,5,38.351799,0,18.1000004,"no",0.693000019,5.45300007,100,1.48959994,24,666,20.2000008,30.5900002,0
"400","Boston South Boston",607,-71.0329971,42.2032013,6.30000019,6.30000019,9.91654968,0,18.1000004,"no",0.693000019,5.85200024,77.8000031,1.50039995,24,666,20.2000008,29.9699993,4.84847307
"401","Boston South Boston",608,-71.0326004,42.2010994,5.5999999,5.5999999,25.0461006,0,18.1000004,"no",0.693000019,5.98699999,100,1.58879995,24,666,20.2000008,26.7700005,0
"402","Boston South Boston",609,-71.0299988,42.2014999,7.19999981,7.19999981,14.2362003,0,18.1000004,"no",0.693000019,6.34299994,100,1.57410002,24,666,20.2000008,20.3199997,0
"403","Boston South Boston",610,-71.0299988,42.1987991,12.1000004,12.1000004,9.5957098,0,18.1000004,"no",0.693000019,6.40399981,100,1.63900006,24,666,20.2000008,20.3099995,1.67219329
"404","Boston South Boston",612,-71.0332031,42.1980019,8.30000019,8.30000019,24.8017006,0,18.1000004,"no",0.693000019,5.34899998,96,1.70280004,24,666,20.2000008,19.7700005,0
"405","Boston South Boston",613,-71.0345001,42.2000999,8.5,8.5,41.5292015,0,18.1000004,"no",0.693000019,5.53100014,85.4000015,1.60739994,24,666,20.2000008,27.3799992,5.60139418
"406","Boston South Boston",614,-71.0319977,42.2056999,5,5,67.9207993,0,18.1000004,"no",0.693000019,5.68300009,100,1.42540002,24,666,20.2000008,22.9799995,0.954048514
"407","Boston Downtown",702,-71.0390015,42.219799,11.8999996,11.8999996,20.7161999,0,18.1000004,"no",0.658999979,4.13800001,100,1.17809999,24,666,20.2000008,23.3400002,2.15429306
"408","Boston Downtown",703,-71.0427017,42.2089996,27.8999996,27.8999996,11.9511003,0,18.1000004,"no",0.658999979,5.6079998,100,1.2852,24,666,20.2000008,12.1300001,5.37275028
"409","Boston Downtown",705,-71.0437012,42.2050018,17.2000008,17.2000008,7.40389013,0,18.1000004,"no",0.597000003,5.6170001,97.9000015,1.45469999,24,666,20.2000008,26.3999996,6.90721846
"410","Boston Downtown",706,-71.0455017,42.2060013,27.5,27.5,14.4383001,0,18.1000004,"no",0.597000003,6.85200024,100,1.4655,24,666,20.2000008,19.7800007,20.6490841
"411","Boston Downtown",707,-71.0462036,42.2075005,15,15,51.1357994,0,18.1000004,"no",0.597000003,5.75699997,100,1.41299999,24,666,20.2000008,10.1099997,57.9009819
"412","Boston Downtown",708,-71.0486984,42.2047997,17.2000008,17.2000008,14.0507002,0,18.1000004,"no",0.597000003,6.65700006,100,1.52750003,24,666,20.2000008,21.2199993,44.2783546
"413","Boston Downtown",709,-71.0469971,42.2029991,17.8999996,17.8999996,18.8110008,0,18.1000004,"no",0.597000003,4.62799978,100,1.5539,24,666,20.2000008,34.3699989,46.032383
"414","Boston Downtown",710,-71.0450974,42.2014999,16.2999992,16.2999992,28.6557999,0,18.1000004,"no",0.597000003,5.15500021,100,1.58940005,24,666,20.2000008,20.0799999,17.0685291
"415","Boston Roxbury",801,-71.0419998,42.1985016,7,7,45.7461014,0,18.1000004,"no",0.693000019,4.51900005,100,1.65820003,24,666,20.2000008,36.9799995,33.2897339
"416","Boston Roxbury",802,-71.0455017,42.1953011,7.19999981,7.19999981,18.0846004,0,18.1000004,"no",0.67900002,6.43400002,100,1.83469999,24,666,20.2000008,29.0499992,46.4924278
"417","Boston Roxbury",803,-71.047699,42.1964989,7.5,7.5,10.8341999,0,18.1000004,"no",0.67900002,6.78200006,90.8000031,1.81949997,24,666,20.2000008,25.7900009,48.3132706
"418","Boston Roxbury",805,-71.0497971,42.2006989,10.3999996,10.3999996,25.9405994,0,18.1000004,"no",0.67900002,5.3039999,89.0999985,1.64750004,24,666,20.2000008,26.6399994,27.3124676
"419","Boston Roxbury",807,-71.0524979,42.1988983,8.80000019,8.80000019,73.5341034,0,18.1000004,"no",0.67900002,5.95699978,100,1.80260003,24,666,20.2000008,20.6200008,50.1742439
"420","Boston Roxbury",808,-71.0586014,42.1999016,8.39999962,8.39999962,11.8122997,0,18.1000004,"no",0.717999995,6.82399988,76.5,1.79400003,24,666,20.2000008,22.7399998,40.9886398
"421","Boston Roxbury",809,-71.0617981,42.1990013,16.7000008,16.7000008,11.0874004,0,18.1000004,"no",0.717999995,6.41099977,100,1.85889995,24,666,20.2000008,15.0200005,6.54205179
"422","Boston Roxbury",810,-71.0650024,42.2018013,14.1999998,14.1999998,7.02259016,0,18.1000004,"no",0.717999995,6.00600004,95.3000031,1.87460005,24,666,20.2000008,15.6999998,6.43322325
"423","Boston Roxbury",811,-71.0664978,42.1969986,20.7999992,20.7999992,12.0481997,0,18.1000004,"no",0.614000022,5.64799976,87.5999985,1.95120001,24,666,20.2000008,14.1000004,9.004632
"424","Boston Roxbury",812,-71.0618973,42.1948013,13.3999996,13.3999996,7.05041981,0,18.1000004,"no",0.614000022,6.10300016,85.0999985,2.02180004,24,666,20.2000008,23.2900009,57.9800415
"425","Boston Roxbury",813,-71.0589981,42.1920013,11.6999998,11.6999998,8.79211998,0,18.1000004,"no",0.583999991,5.56500006,70.5999985,2.06349993,24,666,20.2000008,17.1599998,56.958477
"426","Boston Roxbury",814,-71.0577011,42.196701,8.30000019,8.30000019,15.8603001,0,18.1000004,"no",0.67900002,5.89599991,95.4000015,1.90960002,24,666,20.2000008,24.3899994,54.2364388
"427","Boston Roxbury",815,-71.0558014,42.1936989,10.1999998,10.1999998,12.2472,0,18.1000004,"no",0.583999991,5.83699989,59.7000008,1.99759996,24,666,20.2000008,15.6899996,47.2996826
"428","Boston Roxbury",816,-71.0541992,42.1960983,10.8999996,10.8999996,37.6618996,0,18.1000004,"no",0.67900002,6.20200014,78.6999969,1.86290002,24,666,20.2000008,14.5200005,49.2813988
"429","Boston Roxbury",817,-71.0521011,42.1940002,11,11,7.36710978,0,18.1000004,"no",0.67900002,6.19299984,78.0999985,1.93560004,24,666,20.2000008,21.5200005,31.8985519
"430","Boston Roxbury",818,-71.0485001,42.1920013,9.5,9.5,9.33889008,0,18.1000004,"no",0.67900002,6.38000011,95.5999985,1.96819997,24,666,20.2000008,24.0799999,38.3585701
"431","Boston Roxbury",819,-71.0547028,42.1889992,14.5,14.5,8.49213028,0,18.1000004,"no",0.583999991,6.34800005,86.0999985,2.05270004,24,666,20.2000008,17.6399994,34.1122856
"432","Boston Roxbury",820,-71.050499,42.1879997,14.1000004,14.1000004,10.0622997,0,18.1000004,"no",0.583999991,6.83300018,94.3000031,2.08820009,24,666,20.2000008,19.6900005,34.4815865
"433","Boston Roxbury",821,-71.052002,42.1853981,16.1000004,16.1000004,6.44404984,0,18.1000004,"no",0.583999991,6.42500019,74.8000031,2.20040011,24,666,20.2000008,12.0299997,31.7030354
"434","Boston Savin Hill",901,-71.0494995,42.1814995,14.3000002,14.3000002,5.58106995,0,18.1000004,"no",0.713,6.43599987,87.9000015,2.31579995,24,666,20.2000008,16.2199993,31.3471966
"435","Boston Savin Hill",902,-71.0475006,42.1842003,11.6999998,11.6999998,13.9133997,0,18.1000004,"no",0.713,6.20800018,95,2.22219992,24,666,20.2000008,15.1700001,31.2777672
"436","Boston Savin Hill",903,-71.0459976,42.1866989,13.3999996,13.3999996,11.1604004,0,18.1000004,"no",0.74000001,6.62900019,94.5999985,2.12470007,24,666,20.2000008,23.2700005,29.8563728
"437","Boston Savin Hill",904,-71.0455017,42.1893005,9.60000038,9.60000038,14.4208002,0,18.1000004,"no",0.74000001,6.46099997,93.3000031,2.00259995,24,666,20.2000008,18.0499992,46.4198914
"438","Boston Savin Hill",905,-71.0445023,42.1917,8.69999981,8.19999981,15.1772003,0,18.1000004,"no",0.74000001,6.15199995,100,1.91419995,24,666,20.2000008,26.4500008,53.3459854
"439","Boston Savin Hill",906,-71.0445023,42.1938019,8.39999962,8.39999962,13.6780996,0,18.1000004,"no",0.74000001,5.93499994,87.9000015,1.82060003,24,666,20.2000008,34.0200005,36.7416687
"440","Boston Savin Hill",907,-71.0370026,42.1940002,12.8000002,12.8000002,9.39062977,0,18.1000004,"no",0.74000001,5.62699986,93.9000015,1.81719995,24,666,20.2000008,22.8799992,0
"441","Boston Savin Hill",908,-71.0320969,42.1925011,10.5,10.5,22.0510998,0,18.1000004,"no",0.74000001,5.81799984,92.4000015,1.86619997,24,666,20.2000008,22.1100006,0.434033394
"442","Boston Savin Hill",910,-71.0345001,42.1850014,17.1000004,17.1000004,9.72418022,0,18.1000004,"no",0.74000001,6.40600014,97.1999969,2.06509995,24,666,20.2000008,19.5200005,0.874322295
"443","Boston Savin Hill",911,-71.0339966,42.1889992,18.3999996,14.8000002,5.66636992,0,18.1000004,"no",0.74000001,6.21899986,100,2.00480008,24,666,20.2000008,16.5900002,0.096105516
"444","Boston Savin Hill",912,-71.0378036,42.1892014,15.3999996,15.3999996,9.96654034,0,18.1000004,"no",0.74000001,6.48500013,100,1.97839999,24,666,20.2000008,18.8500004,0.81237942
"445","Boston Savin Hill",913,-71.0404968,42.1920013,10.8000002,10.8000002,12.8023005,0,18.1000004,"no",0.74000001,5.85400009,96.5999985,1.89559996,24,666,20.2000008,23.7900009,13.9571619
"446","Boston Savin Hill",914,-71.0425034,42.1889992,11.8000002,11.8000002,10.6717997,0,18.1000004,"no",0.74000001,6.45900011,94.8000031,1.98790002,24,666,20.2000008,23.9799995,42.2490959
"447","Boston Savin Hill",915,-71.0390015,42.1867981,14.8999996,14.8999996,6.2880702,0,18.1000004,"no",0.74000001,6.34100008,96.4000015,2.07200003,24,666,20.2000008,17.7900009,6.60762453
"448","Boston Savin Hill",916,-71.0370026,42.1839981,12.6000004,12.6000004,9.92485046,0,18.1000004,"no",0.74000001,6.25099993,96.5999985,2.19799995,24,666,20.2000008,16.4400005,0.668627322
"449","Boston Savin Hill",917,-71.0400009,42.1819992,14.1000004,14.1000004,9.32909012,0,18.1000004,"no",0.713,6.18499994,98.6999969,2.26160002,24,666,20.2000008,18.1299992,0
"450","Boston Savin Hill",918,-71.0428009,42.1845016,13,13,7.52601004,0,18.1000004,"no",0.713,6.41699982,98.3000031,2.18499994,24,666,20.2000008,19.3099995,7.84476662
"451","Boston Savin Hill",919,-71.0459976,42.1809998,13.3999996,13.3999996,6.71772003,0,18.1000004,"no",0.713,6.74900007,92.5999985,2.32360005,24,666,20.2000008,17.4400005,61.2111473
"452","Boston Savin Hill",920,-71.0410004,42.1795006,15.1999998,15.1999998,5.44114017,0,18.1000004,"no",0.713,6.65500021,98.1999969,2.35520005,24,666,20.2000008,17.7299995,3.39379263
"453","Boston Savin Hill",921,-71.0339966,42.1790009,16.1000004,16.1000004,5.09016991,0,18.1000004,"no",0.713,6.29699993,91.8000031,2.36820006,24,666,20.2000008,17.2700005,0.944380283
"454","Boston Savin Hill",922,-71.0400009,42.1769981,17.7999992,17.7999992,8.24808979,0,18.1000004,"no",0.713,7.39300013,99.3000031,2.4526999,24,666,20.2000008,16.7399998,1.69176328
"455","Boston Savin Hill",923,-71.0455017,42.1767998,14.8999996,14.3999996,9.51362991,0,18.1000004,"no",0.713,6.72800016,94.0999985,2.49609995,24,666,20.2000008,18.7099991,54.8268738
"456","Boston Savin Hill",924,-71.0510025,42.1780014,14.1000004,14.1000004,4.75236988,0,18.1000004,"no",0.713,6.5250001,86.5,2.43580008,24,666,20.2000008,18.1299992,40.4345398
"457","Boston Dorchester",1001,-71.0516968,42.1735001,12.6999998,12.6999998,4.66882992,0,18.1000004,"no",0.713,5.97599983,87.9000015,2.58060002,24,666,20.2000008,19.0100002,52.7628136
"458","Boston Dorchester",1002,-71.0514984,42.1699982,13.5,13.5,8.20057964,0,18.1000004,"no",0.713,5.93599987,80.3000031,2.77920008,24,666,20.2000008,16.9400005,57.0839195
"459","Boston Dorchester",1003,-71.0475006,42.1689987,14.8999996,14.8999996,7.75223017,0,18.1000004,"no",0.713,6.30100012,83.6999969,2.78309989,24,666,20.2000008,16.2299995,10.826252
"460","Boston Dorchester",1004,-71.0429993,42.1689987,20,20,6.80116987,0,18.1000004,"no",0.713,6.08099985,84.4000015,2.71749997,24,666,20.2000008,14.6999998,0
"461","Boston Dorchester",1005,-71.0429993,42.1727982,16.3999996,16.3999996,4.81212997,0,18.1000004,"no",0.713,6.70100021,90,2.59750009,24,666,20.2000008,16.4200001,12.4797058
"462","Boston Dorchester",1006,-71.0350037,42.1744995,17.7000008,17.7000008,3.69310999,0,18.1000004,"no",0.713,6.37599993,88.4000015,2.56710005,24,666,20.2000008,14.6499996,0.435633898
"463","Boston Dorchester",1007,-71.0309982,42.1694984,19.5,19.5,6.6549201,0,18.1000004,"no",0.713,6.31699991,83,2.73440003,24,666,20.2000008,13.9899998,0
"464","Boston Dorchester",1008,-71.0357971,42.1674995,20.2000008,20.2000008,5.82114983,0,18.1000004,"no",0.713,6.51300001,89.9000015,2.80159998,24,666,20.2000008,10.29,0.244919121
"465","Boston Dorchester",1009,-71.0449982,42.1640015,21.3999996,21.3999996,7.83932018,0,18.1000004,"no",0.654999971,6.20900011,65.4000015,2.96339989,24,666,20.2000008,13.2200003,0
"466","Boston Dorchester",1010,-71.0550003,42.1650009,19.8999996,19.8999996,3.16359997,0,18.1000004,"no",0.654999971,5.75899982,48.2000008,3.06649995,24,666,20.2000008,14.1300001,5.17267084
"467","Boston Dorchester",1011,-71.0550003,42.168499,19,19,3.77498007,0,18.1000004,"no",0.654999971,5.95200014,84.6999969,2.87150002,24,666,20.2000008,17.1499996,48.1642342
"468","Boston Mattapan",1101,-71.0660019,42.1780014,19.1000004,19.1000004,4.42227983,0,18.1000004,"no",0.583999991,6.00299978,94.5,2.54029989,24,666,20.2000008,21.3199997,5.44220257
"469","Boston Mattapan",1102,-71.0699997,42.1679993,19.1000004,19.1000004,15.5756998,0,18.1000004,"no",0.579999983,5.92600012,71,2.90840006,24,666,20.2000008,18.1299992,2.27603507
"470","Boston Mattapan",1103,-71.0690002,42.1725006,20.1000004,20.1000004,13.0750999,0,18.1000004,"no",0.579999983,5.71299982,56.7000008,2.82369995,24,666,20.2000008,14.7600002,0
"471","Boston Mattapan",1104,-71.0739975,42.1679993,19.8999996,19.8999996,4.34879017,0,18.1000004,"no",0.579999983,6.16699982,84,3.03340006,24,666,20.2000008,16.2900009,0
"472","Boston Mattapan",1105,-71.0824966,42.1697998,19.6000004,19.6000004,4.03841019,0,18.1000004,"no",0.532000005,6.22900009,90.6999969,3.09929991,24,666,20.2000008,12.8699999,0.124728069
"473","Boston Mattapan",1106,-71.0832977,42.1749992,23.2000008,23.2000008,3.56868005,0,18.1000004,"no",0.579999983,6.4369998,75,2.89650011,24,666,20.2000008,14.3599997,0.280784249
"474","Boston Forest Hills",1201,-71.0731964,42.1839981,29.7999992,29.7999992,4.64689016,0,18.1000004,"no",0.614000022,6.98000002,67.5999985,2.53290009,24,666,20.2000008,11.6599998,1.78889132
"475","Boston Forest Hills",1202,-71.0550003,42.1829987,13.8000002,13.8000002,8.05578995,0,18.1000004,"no",0.583999991,5.42700005,95.4000015,2.42980003,24,666,20.2000008,18.1399994,3.62155437
"476","Boston Forest Hills",1203,-71.0511017,42.1879005,13.3000002,13.3000002,6.39311981,0,18.1000004,"no",0.583999991,6.16200018,97.4000015,2.20600009,24,666,20.2000008,24.1000004,7.97636843
"477","Boston Forest Hills",1204,-71.0565033,42.1879997,16.7000008,16.7000008,4.87140989,0,18.1000004,"no",0.614000022,6.48400021,93.5999985,2.3053,24,666,20.2000008,18.6800003,0.0547869168
"478","Boston Forest Hills",1205,-71.052803,42.1920013,12,12,15.0234003,0,18.1000004,"no",0.614000022,5.3039999,97.3000031,2.1006999,24,666,20.2000008,24.9099998,3.88316631
"479","Boston Forest Hills",1206,-71.0558014,42.1912994,14.6000004,14.6000004,10.2329998,0,18.1000004,"no",0.614000022,6.18499994,96.6999969,2.17050004,24,666,20.2000008,18.0300007,1.38019753
"480","Boston Forest Hills",1207,-71.0670013,42.1945,21.3999996,21.3999996,14.3337002,0,18.1000004,"no",0.614000022,6.22900009,88,1.95120001,24,666,20.2000008,13.1099997,1.08715773
"481","Boston West Roxbury",1301,-71.1007996,42.1739998,23,23,5.8240099,0,18.1000004,"no",0.532000005,6.2420001,64.6999969,3.42420006,24,666,20.2000008,10.7399998,0
"482","Boston West Roxbury",1302,-71.0950012,42.1730003,23.7000008,23.7000008,5.70817995,0,18.1000004,"no",0.532000005,6.75,74.9000015,3.33170009,24,666,20.2000008,7.73999977,0.30470413
"483","Boston West Roxbury",1303,-71.0899963,42.1665001,25,25,5.73116016,0,18.1000004,"no",0.532000005,7.06099987,77,3.41059995,24,666,20.2000008,7.01000023,0.128702611
"484","Boston West Roxbury",1304,-71.0975037,42.1608009,21.7999992,21.7999992,2.81838012,0,18.1000004,"no",0.532000005,5.76200008,40.2999992,4.09829998,24,666,20.2000008,10.4200001,0.316667497
"485","Boston Hyde Park",1401,-71.0803986,42.1539993,20.6000004,20.6000004,2.37857008,0,18.1000004,"no",0.583000004,5.87099981,41.9000015,3.72399998,24,666,20.2000008,13.3400002,2.11239767
"486","Boston Hyde Park",1402,-71.0749969,42.1455002,21.2000008,21.2000008,3.67367005,0,18.1000004,"no",0.583000004,6.3119998,51.9000015,3.99169993,24,666,20.2000008,10.5799999,0.660607219
"487","Boston Hyde Park",1403,-71.0715027,42.1549988,19.1000004,19.1000004,5.69175005,0,18.1000004,"no",0.583000004,6.11399984,79.8000031,3.54590011,24,666,20.2000008,14.9799995,0.335816503
"488","Boston Hyde Park",1404,-71.0650024,42.1609993,20.6000004,20.6000004,4.83566999,0,18.1000004,"no",0.583000004,5.90500021,53.2000008,3.15229988,24,666,20.2000008,11.4499998,0.692696095
"489","Chelsea",1601,-71.018898,42.2344017,15.1999998,15.1999998,0.150859997,0,27.7399998,"no",0.609000027,5.454,92.6999969,1.82089996,4,711,20.1000004,18.0599995,0.143816218
"490","Chelsea",1602,-71.0227966,42.2335014,7,7,0.183369994,0,27.7399998,"no",0.609000027,5.41400003,98.3000031,1.75539994,4,711,20.1000004,23.9699993,4.34422541
"491","Chelsea",1604,-71.024498,42.2368011,8.10000038,8.10000038,0.207460001,0,27.7399998,"no",0.609000027,5.09299994,98,1.82260001,4,711,20.1000004,29.6800003,6.57039738
"492","Chelsea",1605,-71.0159988,42.2382011,13.6000004,13.6000004,0.105740003,0,27.7399998,"no",0.609000027,5.9829998,98.8000031,1.86810005,4,711,20.1000004,18.0699997,0.541214705
"493","Chelsea",1606,-71.0297012,42.2447014,20.1000004,20.1000004,0.111319996,0,27.7399998,"no",0.609000027,5.9829998,83.5,2.1099,4,711,20.1000004,13.3500004,0
"494","Revere",1701,-71.0124969,42.2462006,21.7999992,21.7999992,0.173309997,0,9.68999958,"no",0.584999979,5.70699978,54,2.38170004,6,391,19.2000008,12.0100002,0
"495","Revere",1702,-71.0124969,42.25,24.5,24.5,0.279570013,0,9.68999958,"no",0.584999979,5.92600012,42.5999985,2.38170004,6,391,19.2000008,13.5900002,0
"496","Revere",1703,-71.010498,42.2546997,23.1000004,23.1000004,0.178990006,0,9.68999958,"no",0.584999979,5.67000008,28.7999992,2.79859996,6,391,19.2000008,17.6000004,0.28716135
"497","Revere",1704,-71.0009995,42.2524986,19.7000008,19.7000008,0.289600015,0,9.68999958,"no",0.584999979,5.38999987,72.9000015,2.79859996,6,391,19.2000008,21.1399994,0
"498","Revere",1705,-70.9946976,42.2495995,18.2999992,18.2999992,0.268379986,0,9.68999958,"no",0.584999979,5.79400015,70.5999985,2.89269996,6,391,19.2000008,14.1000004,0
"499","Revere",1706,-71.0049973,42.2454987,21.2000008,21.2000008,0.239120007,0,9.68999958,"no",0.584999979,6.01900005,65.3000031,2.40910006,6,391,19.2000008,12.9200001,0
"500","Revere",1707,-70.998497,42.243,17.5,17.5,0.177829996,0,9.68999958,"no",0.584999979,5.56899977,73.5,2.39989996,6,391,19.2000008,15.1000004,0.0897477716
"501","Revere",1708,-70.9919968,42.237999,16.7999992,16.7999992,0.224380001,0,9.68999958,"no",0.584999979,6.02699995,79.6999969,2.49819994,6,391,19.2000008,14.3299999,0
"502","Winthrop",1801,-70.9860001,42.2312012,22.3999996,22.3999996,0.0626299977,0,11.9300003,"no",0.573000014,6.59299994,69.0999985,2.47860003,1,273,21,9.67000008,0.390897125
"503","Winthrop",1802,-70.9909973,42.2275009,20.6000004,20.6000004,0.0452699997,0,11.9300003,"no",0.573000014,6.11999989,76.6999969,2.2874999,1,273,21,9.07999992,0
"504","Winthrop",1803,-70.9947968,42.2260017,23.8999996,23.8999996,0.0607599989,0,11.9300003,"no",0.573000014,6.97599983,91,2.16750002,1,273,21,5.63999987,0
"505","Winthrop",1804,-70.9875031,42.223999,22,22,0.109590001,0,11.9300003,"no",0.573000014,6.79400015,89.3000031,2.38890004,1,273,21,6.48000002,0.27440539
"506","Winthrop",1805,-70.9824982,42.2210007,11.8999996,19,0.0474100001,0,11.9300003,"no",0.573000014,6.03000021,80.8000031,2.50500011,1,273,21,7.88000011,0
