"FLOORS","Level","lnPrice","lnInc","Top25","AboveMed"
2,3,11.5129354649202,10.7576475289438,0,0
2,4,11.5129354649202,11.5613536588744,1,1
3,3,11.6082447356423,10.274188668208,0,0
3,3,11.6952553550628,11.4976899923275,0,1
7,3,12.5776396502326,11.361963030616,0,0
2,3,12.6443308022626,11.4613689780558,0,1
2,4,12.5425484535736,11.6950386667264,1,1
2,3,11.9829353441964,10.8247857262208,0,0
3,1,12.8739045822051,11.6885664228399,1,1
3,1,11.9183972397228,11.2250833797171,0,1
3,1,12.043559598368,10.2399955028053,0,0
3,2,12.7656912906044,10.5713425658087,0,0
4,1,12.4684407561441,12.3799209051195,1,1
2,1,11.5129354649202,10.5815464756746,0,0
2,3,9.90353755128617,10.91962361938,0,0
4,4,11.6952553550628,10.9151066458675,0,1
2,4,12.7938620882062,11.8582937286296,1,1
2,3,11.6952553550628,11.1484055437938,0,1
2,3,11.7752974217158,10.4103352749329,0,0
3,2,11.6082447356423,11.1287471763176,0,0
3,1,11.7752974217158,10.7141510665239,0,0
2,3,11.1562648066437,9.20913965139966,0,0
3,1,11.8494048444231,10.7784353208759,0,0
8,4,12.7656912906044,11.5988737771066,1,1
3,2,12.345838935722,11.0940103091377,0,0
3,2,12.6115410869661,11.512675433715,1,1
1,4,12.5776396502326,11.5129354649202,1,1
2,1,10.8197982842103,10.4038991379532,0,0
1,4,9.90353755128617,11.1611101225888,0,1
2,1,12.3013873707787,11.3050522266919,0,1
2,3,12.1007176854125,10.8587682017015,0,0
6,3,12.7068509637411,10.1186392539208,0,0
4,4,12.1547846142867,10.1648898159674,0,0
1,1,11.6082447356423,10.3723029761451,0,0
2,3,11.7752974217158,10.8195382556057,0,0
2,1,12.043559598368,11.4946392872829,0,1
3,1,11.6082447356423,11.4400859187933,0,1
2,1,11.6082447356423,12.0849665947697,1,1
15,1,14.093143052138,12.7453224475127,1,1
3,1,12.9239148777019,11.9831665660173,1,1
3,3,13.3847291803322,11.8492191142171,1,1
4,3,13.2176753753888,10.7141510665239,0,0
8,2,13.1223653774023,11.5988737771066,1,1
2,3,11.7752974217158,10.5447359923049,0,0
3,2,12.7938620882062,11.6950386667264,1,1
1,4,13.0170050839663,11.1982284186668,0,1
16,4,13.3374763699232,10.155529493893,0,0
2,1,12.043559598368,10.8397377621499,0,0
2,3,12.8739045822051,10.4627604245397,0,0
2,3,11.5129354649202,11.0819579164496,0,0
4,4,11.5129354649202,10.2390665331801,0,0
3,1,10.5966597327836,9.74102744483773,0,0
5,4,11.7752974217158,10.163888352206,0,0
3,1,12.043559598368,7.60140233458373,0,0
4,4,11.6952553550628,9.86894786626138,0,0
2,1,11.1562648066437,10.043292972227,0,0
2,3,12.1007176854125,10.8587682017015,0,0
3,1,11.4075760603618,10.6210346199196,0,0
3,2,11.6082447356423,10.2395311258658,0,0
6,2,12.9715428132484,12.657899574943,1,1
2,1,11.9183972397228,11.5898957653227,1,1
2,1,9.90353755128617,6.89365635460264,0,0
4,4,11.7752974217158,8.10198073185319,0,0
2,1,11.1562648066437,10.3413553117518,0,0
2,1,10.5966597327836,9.54688403461792,0,0
4,3,11.1562648066437,10.8192781593686,0,1
2,3,11.1562648066437,11.4072871329472,0,1
3,4,10.8197982842103,9.61413742298365,0,0
3,1,11.1562648066437,10.9148702585913,0,0
4,2,13.2533933941952,12.9334231655566,1,1
4,3,11.9183972397228,9.46506010672514,0,0
3,3,11.4075760603618,9.20913965139966,0,0
2,3,11.5129354649202,10.9328926610405,0,0
5,4,12.6115410869661,11.0976069713095,0,0
3,3,11.4075760603618,10.3735224312936,0,0
3,3,11.4075760603618,10.490940828537,0,0
2,1,11.2897944135779,10.6572828840475,0,0
2,4,12.5425484535736,12.205947637717,1,1
2,3,11.5129354649202,9.58925614485081,0,0
5,3,12.6115410869661,9.99369382042228,0,0
7,3,12.5425484535736,11.7035540890075,1,1
3,2,11.002116507732,10.1245890202161,0,0
3,1,10.3089859934221,9.63567346472181,0,0
2,1,11.002116507732,9.7291936874294,0,0
3,2,9.90353755128617,11.440225731552,0,1
2,3,14.093143052138,11.2997446206702,0,1
2,1,10.5966597327836,10.1266711030504,0,0
4,2,12.5061809416774,8.98406692765304,0,0
2,3,11.4075760603618,12.0852318145792,1,1
2,1,11.1562648066437,9.19532825185568,0,0
2,1,10.3089859934221,10.7579241570616,0,0
2,1,11.2897944135779,11.0509058782636,0,0
2,1,11.9829353441964,10.0131039988595,0,0
3,1,11.9183972397228,11.4400859187933,0,1
3,2,10.3089859934221,10.8192781593686,0,0
3,3,9.21044036697652,9.86136262623546,0,0
3,2,11.1562648066437,9.81460169252769,0,0
2,3,10.8197982842103,11.0104978126553,0,0
2,3,11.9183972397228,8.98732181285012,0,0
2,4,12.4292201968364,11.512675433715,1,0
2,3,11.5129354649202,11.0014663072306,0,1
6,3,11.1562648066437,11.8632231171422,1,1
3,3,12.1547846142867,11.3616606171214,0,0
3,1,11.2897944135779,11.6867779266728,1,1
2,3,11.7752974217158,12.2226150621495,1,1
3,1,12.7068509637411,11.0018998212016,0,0
1,1,11.6952553550628,10.9503678541139,0,0
2,1,11.4075760603618,9.63958710874915,0,0
2,3,11.7752974217158,11.775274344704,1,1
3,3,11.6952553550628,10.0858507751287,0,0
2,3,12.4292201968364,11.5402292994976,1,1
2,3,11.1562648066437,10.2026657901263,0,0
7,2,11.4075760603618,11.6952553550628,1,1
2,3,11.1562648066437,10.4617023595559,0,0
3,1,11.4075760603618,10.7576475289438,0,0
12,3,12.7656912906044,11.5128054577697,1,1
2,1,9.90353755128617,8.29429960885724,0,0
7,3,11.1562648066437,10.7993306491412,0,0
3,4,11.8494048444231,10.6115479758284,0,0
2,4,11.9183972397228,10.3731161114518,0,0
2,3,11.2897944135779,10.8190380104751,0,0
4,2,12.899222326087,11.9182238925213,1,1
9,1,11.5129354649202,12.044006554662,1,1
2,3,11.2897944135779,11.2250833797171,0,1
2,3,11.1562648066437,9.39274525863144,0,0
4,1,10.3089859934221,11.1702661276545,0,0
2,3,12.3013873707787,12.7777186366591,1,1
2,3,12.1547846142867,11.0358730513112,0,0
20,2,12.4292201968364,11.1392642099056,0,1
15,3,12.8479291632781,10.6596330061604,0,0
6,3,11.6082447356423,11.4087753276201,0,1
4,1,12.2060776455177,4.61512051684126,0,0
2,1,12.043559598368,8.51759311143756,0,0
7,1,11.5129354649202,11.9515093740402,1,1
17,1,13.3692250178346,12.1286569010321,1,1
8,2,12.1007176854125,11.6784483779882,1,1
2,4,10.5966597327836,10.2942112039893,0,0
1,1,12.4292201968364,11.2118338856085,0,0
1,1,11.6082447356423,10.9512976542739,0,0
2,4,10.3089859934221,10.6009006212431,0,0
19,4,11.7752974217158,11.571203807012,1,1
3,1,12.6115410869661,11.362114203075,0,1
2,4,11.2897944135779,10.1330504556525,0,0
6,4,11.9183972397228,11.7750974032519,1,1
6,3,12.3883983689821,10.9685085862091,0,0
2,4,9.21044036697652,10.0519506601738,0,0
3,4,10.5966597327836,11.0120666735714,0,0
3,1,10.8197982842103,10.6436375866914,0,0
18,1,11.9829353441964,12.7635031904174,1,1
3,1,10.5966597327836,8.46611040118692,0,0
6,4,11.4075760603618,10.8585181127262,0,0
2,4,12.1007176854125,9.58795455192857,0,0
2,3,12.3883983689821,11.0016830877079,0,0
3,1,10.8197982842103,9.7981825908907,0,0
2,4,11.2897944135779,10.2002160821237,0,0
4,2,11.4075760603618,10.8587682017015,0,0
1,1,12.7068509637411,10.914633815423,0,0
2,1,12.1007176854125,8.81001204797317,0,0
3,1,10.8197982842103,10.1658902778025,0,0
2,1,11.8494048444231,11.0016830877079,0,0
4,2,11.002116507732,10.1256306035168,0,0
2,3,12.345838935722,10.3718961604113,0,0
3,3,11.6082447356423,10.8195382556057,0,0
3,1,11.5129354649202,10.6324120244716,0,0
4,1,10.3089859934221,10.6850118437135,0,0
1,1,13.180634172319,11.5988737771066,1,1
3,2,10.8197982842103,11.0159698727231,0,0
5,4,11.2897944135779,11.1064748714308,0,0
3,2,11.1562648066437,10.3766424612808,0,0
8,4,12.9715428132484,12.657899574943,1,1
1,1,11.002116507732,10.5956842815601,0,0
1,4,11.002116507732,9.43771495981821,0,0
3,2,10.3089859934221,9.6542566664586,0,0
2,1,9.90353755128617,10.1544408044896,0,0
2,1,13.038983942376,8.61268517287546,0,0
4,2,10.3089859934221,10.3218030726231,0,0
3,1,11.1562648066437,10.4623887995337,0,0
3,2,9.21044036697652,9.35062391742324,0,0
3,1,12.043559598368,11.6378032731025,1,1
3,4,11.5129354649202,9.61587214452889,0,0
2,1,9.21044036697652,11.2995837186283,0,1
4,3,10.8197982842103,10.6164618698958,0,0
4,1,11.9183972397228,11.3742494327811,0,1
4,2,9.90353755128617,10.8561294998748,0,0
3,4,11.4075760603618,8.26384813136891,0,0
2,4,11.9183972397228,10.3089859934221,0,0
4,1,11.6952553550628,11.121378054821,0,0
2,3,11.8494048444231,10.8237902258001,0,0
3,4,12.899222326087,11.9183105698782,1,1
6,4,13.3847291803322,12.9353974522087,1,1
2,4,12.3883983689821,11.5128054577697,1,1
3,2,11.4075760603618,11.1776065630028,0,0
3,4,11.2897944135779,11.9828540914033,1,1
3,2,12.899222326087,10.5968347130987,0,0
3,3,11.7752974217158,10.308552580623,0,0
4,3,12.8212609873195,11.0018998212016,0,0
16,2,13.5008011829866,11.4075649493124,0,1
5,4,0.693147180559945,10.6666504146677,0,0
12,1,13.4298495477394,12.1971277590484,1,1
2,1,11.2897944135779,9.28739400141847,0,0
13,3,11.9183972397228,11.5068570895686,0,1
2,3,11.4075760603618,11.1270864979972,0,1
3,1,11.9183972397228,10.896035374127,0,0
2,1,10.8197982842103,9.93793728726535,0,0
16,1,14.093143052138,12.8797999755256,1,1
20,1,10.5966597327836,11.1844352867906,0,1
2,1,12.6115410869661,11.3514412940427,0,1
3,2,12.7656912906044,10.7828653063867,0,0
3,1,11.9183972397228,12.317618492525,1,1
13,4,12.7656912906044,11.7789062588276,1,1
3,2,12.2060776455177,11.081557762539,0,0
3,1,10.5966597327836,9.97119292889014,0,0
13,2,11.6082447356423,10.7144399907278,0,0
4,3,12.7938620882062,11.9182238925213,1,1
6,4,12.2060776455177,10.9207270827385,0,0
2,1,12.8479291632781,9.61587214452889,0,0
2,3,12.345838935722,11.0817578595097,0,0
8,3,9.21044036697652,10.2399955028053,0,0
2,1,11.1562648066437,10.2240844399991,0,0
2,3,13.270785106659,11.7787299589027,1,1
2,4,11.4075760603618,5.70711026474888,0,0
3,2,9.90353755128617,10.0858507751287,0,0
10,4,12.4292201968364,11.3736748918235,0,1
2,3,11.8494048444231,9.11559003543037,0,0
3,1,11.2897944135779,11.2950927859746,0,1
3,1,10.5966597327836,10.9886937126213,0,1
2,3,11.1562648066437,10.8192781593686,0,0
17,1,10.3089859934221,10.0858507751287,0,0
3,3,12.345838935722,10.822554427357,0,0
5,3,10.8197982842103,10.9699381543958,0,0
2,3,12.2060776455177,11.37951977873,0,0
3,1,11.5129354649202,10.7787062586348,0,0
4,2,0.693147180559945,11.6784483779882,1,1
3,4,10.3089859934221,10.043292972227,0,0
2,1,13.1021627109011,12.7937037427767,1,1
2,1,11.8494048444231,10.5960095377022,0,0
2,4,12.8479291632781,10.2399955028053,0,0
3,1,13.270785106659,11.4121212203936,0,1
6,1,11.2897944135779,10.7253137469497,0,0
3,1,13.1021627109011,11.3501123745643,0,0
2,3,11.002116507732,10.1261509886135,0,0
2,3,11.1562648066437,10.348205424566,0,0
8,4,12.6443308022626,11.2897944135779,0,0
2,4,11.2897944135779,11.2249100036172,0,1
2,3,11.6952553550628,11.0344863569034,0,0
3,2,11.1562648066437,10.2978917132849,0,0
12,4,13.5278298188449,12.156293992967,1,1
1,4,11.9183972397228,7.77317368048254,0,0
2,4,12.7367038377645,10.1752688754562,0,0
1,1,11.7752974217158,11.231556754575,0,1
2,4,11.6082447356423,8.88197518424887,0,0
3,1,11.6952553550628,11.2771145199283,0,0
18,4,13.3046866008636,7.82444593087762,0,0
16,4,13.4298495477394,7.37838371299671,0,0
5,4,12.5061809416774,10.3836890067583,0,0
1,4,11.4075760603618,11.3849557205256,0,1
5,1,11.5129354649202,9.58829724066775,0,0
3,2,11.7752974217158,11.9047986195589,1,1
2,1,12.4684407561441,12.524482739333,1,1
4,1,11.8494048444231,11.4058078509633,0,1
5,4,12.9480123712091,11.5016218187988,0,1
3,1,10.8197982842103,11.00378175932,0,0
2,1,11.6082447356423,11.2896319024049,0,1
3,3,12.3013873707787,10.7684218301335,0,0
3,2,12.1547846142867,10.5041904427048,0,0
1,4,12.2060776455177,10.2036291813376,0,0
2,1,11.002116507732,10.8197982842103,0,0
3,2,12.1547846142867,11.7983224285483,1,1
2,1,12.5061809416774,11.514933447623,1,0
2,4,12.2060776455177,11.1560790777645,0,0
4,4,11.6952553550628,10.3735224312936,0,0
2,1,11.1562648066437,11.2247365974529,0,1
2,3,12.345838935722,12.6578582039068,1,1
3,1,10.5966597327836,10.6942377369148,0,0
8,1,13.5541470925303,12.9285795793965,1,1
1,1,11.002116507732,10.3081189798957,0,0
2,1,12.345838935722,9.98695515777739,0,0
4,2,11.4075760603618,10.3735224312936,0,0
2,3,11.4075760603618,11.0083303909549,0,0
1,1,11.2897944135779,10.7789771230064,0,0
3,2,11.5129354649202,10.8195382556057,0,0
4,4,12.2060776455177,11.2644769261024,0,1
1,4,11.6952553550628,10.463131911492,0,0
2,1,12.3883983689821,11.7196306435324,1,1
3,4,12.4684407561441,11.0016830877079,0,0
2,3,12.2060776455177,9.18891242456256,0,0
4,3,11.2897944135779,11.1619627465907,0,1
2,4,12.043559598368,11.7359730116761,1,1
2,1,11.5129354649202,11.1927339748227,0,1
3,4,12.2060776455177,9.7291936874294,0,0
3,1,11.9183972397228,10.9435522275788,0,0
2,3,11.002116507732,5.85220247977447,0,0
2,1,12.345838935722,10.8197982842103,0,0
1,4,9.90353755128617,10.1658902778025,0,0
3,3,11.5129354649202,10.2031476017473,0,0
2,1,13.0170050839663,10.1658902778025,0,0
3,2,11.9829353441964,8.16080392095467,0,0
2,1,12.7938620882062,11.6716030258498,1,1
2,4,11.002116507732,10.3099188603896,0,0
3,4,12.345838935722,10.6158489520199,0,0
2,1,13.0815434662152,10.5450255993628,0,0
4,4,13.1223653774023,10.7727076410173,0,0
3,2,11.9183972397228,11.6170602297022,1,1
3,3,13.1223653774023,9.92206393810906,0,0
4,3,9.21044036697652,9.57505292759738,0,0
2,3,10.5966597327836,9.19187085569252,0,0
6,1,11.6082447356423,10.5966597327836,0,0
3,2,13.1223653774023,11.1560790777645,0,0
3,2,11.8494048444231,11.362114203075,0,1
2,3,11.2897944135779,11.262166596623,0,1
2,3,9.21044036697652,10.1773622402567,0,0
4,1,10.8197982842103,9.69208727824151,0,0
3,1,11.4075760603618,10.9151066458675,0,0
3,2,12.2060776455177,10.1424650821529,0,0
2,3,11.6952553550628,11.0361791548571,0,0
4,4,13.1993262703906,12.5930376776538,1,1
3,1,11.4075760603618,11.3889030045238,0,1
4,1,12.1007176854125,11.0817578595097,0,0
4,3,12.254867571593,11.0016830877079,0,0
3,4,11.6952553550628,10.9151066458675,0,0
5,4,13.0604901013436,11.2897944135779,0,1
3,2,9.90353755128617,10.7902464818042,0,0
5,1,13.1223653774023,12.6443308022626,1,1
3,2,12.5061809416774,10.1563064041601,0,0
2,3,10.8197982842103,11.849311983632,1,1
6,4,12.8212609873195,11.0974251724089,0,1
3,2,11.1562648066437,9.77571099759397,0,0
2,3,11.8494048444231,11.0018998212016,0,0
6,1,12.7656912906044,11.9190636798245,1,1
2,4,10.5966597327836,11.5129154649202,1,1
7,1,9.90353755128617,12.7432792119525,1,1
6,4,9.21044036697652,8.85194967125395,0,0
4,1,12.899222326087,11.2252567257629,0,0
4,2,13.180634172319,10.4089789747114,0,0
3,2,12.254867571593,11.9827728320077,1,1
3,2,11.2897944135779,10.0173964266439,0,0
3,4,9.90353755128617,11.820336632603,1,1
4,2,11.1562648066437,10.4623887995337,0,0
3,3,11.4075760603618,9.39274525863144,0,0
3,2,11.5129354649202,10.1261509886135,0,0
6,4,9.21044036697652,11.6526961029598,1,1
2,4,9.90353755128617,7.60140233458373,0,0
3,2,10.5966597327836,10.5317761607476,0,0
2,3,11.7752974217158,9.67790352568256,0,0
2,3,10.3089859934221,10.5450255993628,0,0
3,1,11.8494048444231,11.0085456886876,0,0
6,2,12.5776396502326,11.066247661028,0,1
7,4,10.8197982842103,7.26192709270275,0,0
2,1,11.9829353441964,11.1558933143837,0,1
3,1,9.90353755128617,11.7979164196105,1,1
6,3,12.2060776455177,10.7872757536483,0,0
6,2,13.2176753753888,12.278802525694,1,1
3,3,11.1562648066437,10.0858507751287,0,0
2,1,11.002116507732,9.7960136942309,0,0
7,4,12.899222326087,11.5128054577697,1,1
3,3,12.5776396502326,11.6664016316503,1,1
1,1,11.2897944135779,9.12565356380899,0,0
3,1,10.8197982842103,10.7784353208759,0,0
3,1,11.7752974217158,10.5227998005867,0,0
19,4,12.6115410869661,9.30574145673943,0,0
2,3,10.8197982842103,11.6524699924081,1,1
20,1,12.2060776455177,10.8197982842103,0,0
2,3,11.5129354649202,10.0257494320691,0,0
2,3,11.6082447356423,10.9677671621237,0,0
5,1,12.345838935722,11.0016830877079,0,0
3,2,11.1562648066437,11.5209035552051,1,1
1,1,12.4292201968364,10.1266711030504,0,0
2,1,11.002116507732,10.4627604245397,0,0
2,3,0.693147180559945,8.84822206837138,0,0
2,1,11.1562648066437,10.8190179954639,0,0
2,3,11.4075760603618,10.2121113091947,0,0
2,3,11.1562648066437,8.89822898560123,0,0
2,1,10.8197982842103,11.1911763099019,0,1
20,1,12.345838935722,11.6955636383025,1,1
7,4,12.8479291632781,11.3501123745643,0,0
2,3,11.002116507732,10.8195382556057,0,0
3,2,9.90353755128617,10.5499361300868,0,0
2,1,10.3089859934221,10.1648898159674,0,0
3,1,10.5966597327836,10.4027161904565,0,0
4,1,12.043559598368,11.7750974032519,1,1
2,4,10.8197982842103,9.90653291072209,0,0
2,4,11.7752974217158,11.3615326454146,0,1
2,3,12.3883983689821,9.39316180381179,0,0
3,4,12.2060776455177,11.0840791340242,0,0
2,1,10.5966597327836,10.2110090163142,0,0
3,3,10.8197982842103,10.1581685298485,0,0
2,1,11.4075760603618,9.39057642227912,0,0
2,3,12.5425484535736,7.1608459066643,0,0
4,1,12.4292201968364,11.3851034570321,0,1
14,4,13.1223653774023,13.1060937417369,1,1
5,1,13.353476685668,9.54115377038857,0,0
3,1,10.3089859934221,10.2395311258658,0,0
2,3,11.8494048444231,11.6081265479146,1,1
2,4,12.6443308022626,10.6719509036555,0,0
2,3,12.1007176854125,11.9827728320077,1,1
2,1,10.5966597327836,7.87663846097546,0,0
2,4,11.1562648066437,10.308552580623,0,0
2,3,12.2060776455177,9.98049488889691,0,0
2,3,12.2060776455177,10.7141510665239,0,0
1,1,11.6952553550628,9.50009529458889,0,0
2,3,12.1007176854125,11.1270864979972,0,1
2,1,11.2897944135779,10.3735224312936,0,0
3,1,12.6115410869661,12.1007176854125,1,1
18,1,14.093143052138,11.9183105698782,1,1
3,2,12.4292201968364,11.3384292104775,0,1
3,2,11.6952553550628,10.2678181172857,0,0
2,3,11.2897944135779,10.9952262722611,0,0
8,1,10.3089859934221,8.00670084544037,0,0
2,3,11.7752974217158,11.0709260321341,0,0
2,1,10.8197982842103,10.6769697057483,0,0
3,1,11.1562648066437,11.5511938016801,1,0
10,1,12.8739045822051,11.9898488474051,1,1
2,4,10.3089859934221,9.39274525863144,0,0
3,1,10.5966597327836,10.5183488146975,0,0
1,1,9.90353755128617,10.1186392539208,0,0
2,1,9.21044036697652,9.11382947159534,0,0
3,3,10.3089859934221,9.45759099863363,0,0
3,4,13.458837042596,12.8326071553908,1,1
3,1,11.9183972397228,10.3033704423481,0,0
3,1,12.3013873707787,11.5896549978289,1,1
1,4,11.6952553550628,11.0106134969694,0,0
3,3,10.8197982842103,10.1059384806252,0,0
3,1,12.5425484535736,10.5805561628834,0,0
3,3,12.3883983689821,11.2896319024049,0,0
3,1,11.7752974217158,10.3672530148147,0,0
1,4,11.002116507732,11.362114203075,0,0
4,1,14.093143052138,13.5971978194619,1,1
3,2,11.7752974217158,10.7141510665239,0,0
12,3,11.6952553550628,10.7579241570616,0,0
6,3,12.676079399771,12.292135656296,1,1
12,3,12.345838935722,11.0427298172901,0,0
2,1,12.7938620882062,10.5840812670245,0,0
3,4,11.9829353441964,12.1891350102222,1,1
6,1,11.8494048444231,11.5326104382866,1,1
2,3,10.3089859934221,9.03610602536485,0,0
2,3,12.676079399771,11.8017668651419,1,1
4,2,12.1547846142867,11.6867779266728,1,1
6,3,12.5776396502326,11.6950386667264,1,1
13,1,11.9183972397228,9.92333919823873,0,0
3,3,12.5425484535736,11.5288086565978,1,1
4,4,13.038983942376,12.1868286621634,1,1
2,3,10.8197982842103,10.9853096718968,0,0
10,1,14.093143052138,11.4823425384924,0,1
3,2,12.8212609873195,10.5466826441534,0,0
4,2,12.4684407561441,11.5691923704235,1,1
2,4,12.1007176854125,11.7980141775694,1,1
3,3,11.002116507732,11.2565870087984,0,1
3,1,12.8479291632781,11.0817578595097,0,1
3,2,12.6115410869661,11.8514527314276,1,1
6,3,12.254867571593,11.6081265479146,1,1
8,2,11.9829353441964,10.308552580623,0,0
1,1,12.1007176854125,8.29429960885724,0,0
5,1,11.4075760603618,9.20653313363323,0,0
2,3,11.4075760603618,9.90288737246409,0,0
3,4,12.676079399771,12.1806266241987,1,1
2,1,11.7752974217158,11.1674447737911,0,0
3,1,12.899222326087,8.29429960885724,0,0
2,1,11.2897944135779,10.914397316336,0,0
2,1,11.2897944135779,10.8192781593686,0,0
6,4,10.8197982842103,10.5963346880871,0,0
6,3,11.9829353441964,11.6081265479146,1,1
6,4,12.043559598368,11.9918145018039,1,1
4,2,12.7367038377645,11.7197363616635,1,1
2,3,9.90353755128617,10.0690443629974,0,0
6,2,10.5966597327836,12.9285795793965,1,1
2,1,12.1547846142867,11.0819579164496,0,0
7,2,9.90353755128617,11.6530873273667,1,1
2,3,12.345838935722,11.9000568663899,1,1
2,3,11.2897944135779,10.5950334517291,0,0
2,3,9.21044036697652,10.0096927113824,0,0
3,1,11.6082447356423,9.83097062169695,0,0
2,4,11.7752974217158,11.2116581968744,0,0
2,1,9.21044036697652,10.0108161302887,0,0
3,1,12.3883983689821,10.254179634797,0,0
3,1,10.3089859934221,9.45727857185611,0,0
5,1,11.4075760603618,10.5474707490647,0,0
2,1,9.90353755128617,11.5077923128585,0,1
12,2,11.7752974217158,10.7789771230064,0,0
4,1,11.9183972397228,11.7636919653883,1,1
1,1,10.3089859934221,10.997438996322,0,1
3,4,13.0815434662152,11.4184829086718,0,1
1,1,11.8494048444231,11.2644769261024,0,1
3,2,13.0170050839663,12.0438536710414,1,1
17,2,13.0170050839663,10.5187002182882,0,0
3,1,13.270785106659,12.4291161918441,1,1
4,1,10.5966597327836,10.1933173170454,0,0
4,3,12.3013873707787,11.8456406527137,1,1
2,1,12.3883983689821,10.9928067942926,0,1
1,4,11.7752974217158,9.8255800636596,0,0
3,3,11.2897944135779,10.8213570375235,0,0
7,4,12.899222326087,12.205947637717,1,1
2,4,12.1547846142867,9.8934877204578,0,0
3,1,13.2176753753888,6.77878489768518,0,0
4,3,11.9829353441964,11.0153615151874,0,1
2,1,12.4684407561441,10.0523815832176,0,0
5,3,12.899222326087,11.4615058468147,0,1
3,2,11.8494048444231,11.3848079621898,0,1
2,1,11.002116507732,10.4623887995337,0,0
3,1,11.4075760603618,11.3241954175951,0,1
3,4,12.4292201968364,9.10364563330522,0,0
1,4,11.6082447356423,10.7141510665239,0,0
2,3,11.9183972397228,10.7995959850478,0,0
3,3,12.4684407561441,8.98732181285012,0,0
4,3,11.6082447356423,10.1839561704696,0,0
5,2,12.2060776455177,11.5128054577697,1,1
3,1,11.2897944135779,11.3916613774772,0,1
2,1,11.002116507732,10.357361799852,0,0
3,2,12.9715428132484,12.0889824947736,1,1
5,3,13.2878795107957,11.5128054577697,1,1
2,1,11.9829353441964,9.74102744483773,0,0
1,1,12.6115410869661,11.7358689962818,1,1
3,1,11.4075760603618,8.60611940061064,0,0
3,4,12.345838935722,8.00670084544037,0,0
4,3,13.038983942376,9.20913965139966,0,0
4,1,13.3046866008636,11.3997679650102,0,1
2,3,12.043559598368,7.77821147451249,0,0
2,1,12.4292201968364,11.8418622383114,1,1
3,1,11.8494048444231,8.98569569453571,0,0
1,4,11.002116507732,10.2746372302292,0,0
1,1,10.3089859934221,10.4047778593188,0,0
3,1,12.6443308022626,10.8195382556057,0,0
2,3,11.8494048444231,11.2896319024049,0,1
2,1,11.2897944135779,10.9102951765623,0,0
2,3,11.6952553550628,11.3965826417099,0,1
2,3,11.5129354649202,8.8538082749772,0,0
2,1,11.5129354649202,7.31388683163346,0,0
2,4,11.9183972397228,12.0723983855577,1,1
3,1,12.1547846142867,10.7576475289438,0,0
2,4,11.5129354649202,9.98437605626947,0,0
3,3,11.6082447356423,10.8594027621935,0,0
3,4,11.002116507732,9.54595509818327,0,0
1,1,11.6082447356423,12.0076278043487,1,1
3,1,12.1007176854125,10.7358530494725,0,0
2,4,11.1562648066437,9.51199931135876,0,0
2,3,11.002116507732,10.7990652428127,0,0
3,1,13.180634172319,9.91877017606729,0,0
3,1,12.3883983689821,12.636191341077,1,1
1,4,12.1007176854125,11.0617514407684,0,1
1,1,12.6115410869661,11.111686414488,0,1
2,3,10.8197982842103,8.69533937679971,0,0
2,3,10.8197982842103,7.78364059622125,0,0
4,4,11.4075760603618,6.55250788703459,0,0
2,3,0.693147180559945,8.85194967125395,0,0
3,1,12.5425484535736,10.6200826689586,0,0
3,2,12.3883983689821,12.657899574943,1,1
5,1,12.043559598368,11.1560790777645,0,0
3,1,11.002116507732,9.51554305814595,0,0
2,3,9.21044036697652,10.8237902258001,0,0
3,3,11.2897944135779,10.1444317284758,0,0
3,1,11.6952553550628,10.9505959983371,0,0
3,2,11.8494048444231,11.5896549978289,1,1
2,1,10.8197982842103,11.2383307120649,0,1
1,1,11.1562648066437,10.668676285961,0,0
2,3,12.899222326087,11.6951470167638,1,1
2,3,11.1562648066437,11.1270864979972,0,0
2,3,10.5966597327836,10.4184346712613,0,0
4,4,11.7752974217158,11.1362810226703,0,0
3,1,14.093143052138,12.9077607483519,1,1
4,3,12.3013873707787,10.1489795075141,0,0
2,1,12.7068509637411,11.3385839825165,0,0
2,1,9.90353755128617,9.39474309497396,0,0
3,3,10.8197982842103,10.6928081765447,0,0
3,4,11.7752974217158,11.3736748918235,0,1
4,4,11.2897944135779,11.5703449558377,1,1
4,4,11.002116507732,11.5703449558377,1,1
3,1,14.093143052138,12.748196334841,1,1
13,3,11.5129354649202,11.4619058173485,0,1
6,2,12.4292201968364,7.88532923927319,0,0
3,3,12.6115410869661,7.60140233458373,0,0
3,4,11.6082447356423,11.4072871329472,0,1
3,2,12.2060776455177,11.1560790777645,0,0
4,4,11.2897944135779,4.61512051684126,0,0
2,3,11.9829353441964,10.8618602847896,0,0
3,1,11.4075760603618,10.4038991379532,0,0
2,3,11.9829353441964,10.4337628001234,0,0
20,4,12.4292201968364,12.7423262212144,1,1
5,4,12.7938620882062,11.4074316070894,0,1
3,2,10.8197982842103,9.39166142843655,0,0
2,1,11.2897944135779,11.4294134127412,0,0
2,3,11.4075760603618,10.4627604245397,0,0
6,3,11.002116507732,13.0212560264273,1,1
3,3,11.9183972397228,11.6436203384754,1,1
6,4,12.5425484535736,11.870515989637,1,1
4,1,11.4075760603618,10.8195382556057,0,0
4,4,12.9480123712091,10.1306629649637,0,0
3,2,11.2897944135779,10.0853089842884,0,0
2,1,11.6952553550628,10.4248969698418,0,0
4,1,11.6952553550628,12.060902354367,1,1
4,4,11.1562648066437,11.5128054577697,1,1
4,4,11.6952553550628,11.6081265479146,1,1
4,1,13.458837042596,12.205947637717,1,1
4,3,12.5776396502326,9.85224688834253,0,0
6,2,12.2060776455177,10.5187002182882,0,0
2,3,12.5061809416774,11.6351519472128,1,1
3,3,12.3883983689821,11.7195249142237,1,1
3,2,13.3212158754924,13.0106359693683,1,1
3,1,12.7367038377645,11.0601800522808,0,0
6,4,12.1007176854125,9.39274525863144,0,0
4,4,12.1007176854125,10.8197982842103,0,0
15,1,11.1562648066437,10.1464729460639,0,0
4,3,11.9183972397228,10.595358919592,0,0
3,3,11.6952553550628,9.83633227734872,0,0
2,3,11.4075760603618,10.9677671621237,0,0
6,1,12.7068509637411,11.3504183001091,0,1
3,2,11.9183972397228,11.6080083462169,1,1
2,4,11.7752974217158,11.5916257335139,1,1
7,1,10.8197982842103,10.0146263417701,0,0
3,2,11.6952553550628,10.1261509886135,0,0
2,1,11.6082447356423,9.67959371983121,0,0
3,2,11.7752974217158,11.3619281414183,0,1
2,1,12.7656912906044,10.463131911492,0,0
2,1,11.1562648066437,11.0349057929294,0,0
2,3,10.3089859934221,9.21044036697652,0,0
3,4,11.002116507732,11.0342765728995,0,0
2,1,11.6082447356423,10.6379685965891,0,0
1,4,11.002116507732,10.2576944533605,0,0
8,4,12.5425484535736,10.1610711771639,0,0
3,3,9.21044036697652,9.98511362141607,0,0
3,2,11.9829353441964,10.1354322598034,0,0
6,1,12.254867571593,11.1163953209196,0,0
2,4,12.6115410869661,11.9511029735495,1,1
2,3,12.9945322786191,11.4295547255373,0,1
7,4,12.2060776455177,10.1102577897324,0,0
3,2,11.002116507732,10.8587682017015,0,0
3,2,12.2060776455177,11.3849557205256,0,1
2,1,11.1562648066437,9.05028898382796,0,0
3,3,12.043559598368,10.0816755780485,0,0
1,4,11.9829353441964,10.0847668997516,0,0
2,1,10.5966597327836,7.86365126544865,0,0
3,1,12.9715428132484,11.5384957410818,1,1
3,1,12.043559598368,11.0153615151874,0,1
2,1,10.8197982842103,11.0691664141244,0,0
14,2,12.899222326087,12.657899574943,1,1
3,1,11.1562648066437,12.1756185926714,1,1
2,3,12.7656912906044,9.74102744483773,0,0
3,2,11.2897944135779,9.57505292759738,0,0
3,1,12.5776396502326,10.7122153451973,0,0
4,1,11.7752974217158,11.8981946684588,1,1
6,4,11.6082447356423,11.3502653490355,0,1
4,3,11.6952553550628,11.7359730116761,1,1
2,3,11.4075760603618,11.5187882452386,1,1
2,1,10.8197982842103,10.914633815423,0,0
3,3,9.90353755128617,7.09090982207998,0,0
3,2,12.2060776455177,10.5307886908586,0,0
4,2,12.899222326087,10.5966597327836,0,0
4,1,9.21044036697652,10.0162803800113,0,0
3,3,12.6443308022626,9.5450252980233,0,0
3,3,10.8197982842103,8.5173931714189,0,0
3,1,10.3089859934221,10.7913993858086,0,0
4,1,12.6115410869661,12.0434831253056,1,1
9,2,12.5061809416774,11.2904816687703,0,0
3,2,12.5425484535736,12.8151205683984,1,1
4,1,12.7656912906044,12.4419389186914,1,1
2,3,11.5129354649202,10.4905795317556,0,0
6,2,10.3089859934221,11.441440204346,0,1
9,4,12.2060776455177,6.49677499018586,0,0
4,2,12.043559598368,11.362114203075,0,1
2,1,10.5966597327836,11.2785692864419,0,1
3,3,9.90353755128617,11.2250833797171,0,1
3,1,12.9715428132484,11.6081265479146,1,1
2,1,12.3883983689821,9.28618968425962,0,0
2,1,10.5966597327836,9.75736291105399,0,0
2,1,10.3089859934221,10.1457275995413,0,0
3,1,12.5776396502326,11.9181372076507,1,1
1,1,11.1562648066437,9.72955074527657,0,0
3,1,11.4075760603618,10.8195382556057,0,0
3,2,11.2897944135779,10.1370169834028,0,0
2,1,0.693147180559945,13.0107835619326,1,1
2,3,11.6082447356423,11.6673703872182,1,1
1,1,11.8494048444231,9.78880595245251,0,0
3,3,0.693147180559945,10.3417747410115,0,0
4,2,12.3013873707787,11.2286509136518,0,0
4,3,12.254867571593,11.5521557934619,1,1
3,2,13.0170050839663,11.9181372076507,1,1
7,1,0.693147180559945,9.85087760226383,0,0
4,4,11.6952553550628,12.657899574943,1,1
14,2,0.693147180559945,12.0019654966643,1,1
9,4,12.676079399771,11.3618118353005,0,1
3,2,12.9480123712091,11.0819579164496,0,1
3,4,12.5776396502326,11.2250833797171,0,1
2,1,12.676079399771,12.4513611767288,1,1
2,1,10.8197982842103,10.7579241570616,0,0
7,3,13.2878795107957,11.1626727116902,0,1
2,4,12.7656912906044,11.4721138870624,0,1
4,4,11.2897944135779,11.1576923382562,0,0
7,3,12.2060776455177,11.1576923382562,0,0
3,2,12.676079399771,12.6578582039068,1,1
4,4,0.693147180559945,10.7358530494725,0,0
2,1,12.2060776455177,11.8128448550865,1,1
11,1,12.9715428132484,11.7368766900282,1,1
2,4,0.693147180559945,11.7343715764482,1,1
3,1,11.7752974217158,9.9517061248066,0,0
3,4,11.6952553550628,8.31898612539206,0,0
2,1,11.2897944135779,8.07121853996986,0,0
4,1,11.6082447356423,10.7466913293028,0,0
6,1,11.4075760603618,9.93076219467101,0,0
9,4,11.9829353441964,11.2250833797171,0,1
3,1,13.1223653774023,10.8192781593686,0,0
20,2,9.90353755128617,9.54688403461792,0,0
6,3,12.899222326087,10.1267111006505,0,0
2,3,12.043559598368,11.2383307120649,0,0
5,1,11.5129354649202,10.7990244048171,0,0
2,3,12.3883983689821,11.6490983657382,1,1
2,1,11.6952553550628,10.914633815423,0,0
4,2,9.21044036697652,10.9094910094716,0,0
4,1,11.2897944135779,10.9677671621237,0,0
2,4,11.002116507732,10.4042931430198,0,0
4,4,12.7938620882062,11.7517454956694,1,1
2,1,11.4075760603618,10.1266711030504,0,0
1,1,11.9183972397228,11.3382744144805,0,0
2,3,12.2060776455177,11.1646154373631,0,0
3,2,11.6082447356423,11.1746656315495,0,1
2,1,13.4870078798802,11.3849557205256,0,1
3,4,12.7938620882062,12.3457258863454,1,1
2,3,10.5966597327836,9.16826759555427,0,0
3,4,10.8197982842103,11.264143541476,0,1
4,4,12.9945322786191,11.1702661276545,0,0
3,2,11.1562648066437,9.7981825908907,0,0
2,1,11.4075760603618,7.27309259599952,0,0
2,4,12.1007176854125,10.4012583314283,0,0
3,4,11.2897944135779,11.1840741154804,0,1
3,4,10.5966597327836,11.2897944135779,0,1
19,4,13.1021627109011,12.2548056652097,1,1
3,2,11.8494048444231,11.1754086830014,0,0
3,3,11.9183972397228,11.6950386667264,1,1
5,3,12.043559598368,10.0697220706772,0,0
1,1,11.002116507732,9.68040649926887,0,0
2,3,11.8494048444231,10.6451391421557,0,0
5,1,11.002116507732,7.60140233458373,0,0
2,3,11.7752974217158,11.3736748918235,0,1
6,4,12.8479291632781,11.1834626051699,0,1
2,3,12.676079399771,12.7447011618983,1,1
3,2,11.002116507732,10.9402421678254,0,0
3,1,11.002116507732,10.2195019472549,0,0
12,4,13.1223653774023,11.512675433715,1,1
3,4,12.1007176854125,11.5502308835789,1,1
13,1,12.043559598368,11.0974251724089,0,1
3,1,11.002116507732,10.6913765696058,0,0
3,2,10.8197982842103,9.65509029374725,0,0
9,3,12.1007176854125,11.6950386667264,1,1
4,3,12.6115410869661,11.2916676345662,0,1
4,1,12.1007176854125,10.7576475289438,0,0
1,4,11.1562648066437,10.8268134792913,0,0
3,4,11.8494048444231,8.29429960885724,0,0
2,4,11.2897944135779,10.5837521072651,0,0
3,1,11.4075760603618,7.94129557090653,0,0
3,4,12.4684407561441,9.83097062169695,0,0
2,1,12.254867571593,10.4905795317556,0,0
13,3,12.676079399771,11.0660444360025,0,0
2,4,11.6082447356423,10.5840812670245,0,0
2,3,12.043559598368,11.7359730116761,1,1
3,2,10.3089859934221,10.8195382556057,0,0
3,1,10.5966597327836,10.0853089842884,0,0
3,3,10.8197982842103,10.7207973757165,0,0
3,1,11.1562648066437,10.4656999663188,0,0
2,1,12.043559598368,10.5963346880871,0,0
2,3,12.2060776455177,11.8843165927446,1,1
2,4,12.345838935722,10.9205462705296,0,0
4,4,12.3883983689821,9.8928815067489,0,0
4,3,12.7656912906044,11.7517454956694,1,1
20,4,14.093143052138,13.4647878641849,1,1
2,1,0.693147180559945,9.86511048341512,0,0
6,4,11.7752974217158,10.1345199052706,0,0
1,1,12.1007176854125,10.570675693926,0,0
5,4,12.1007176854125,10.8396005193574,0,0
12,4,12.8739045822051,12.2782770212791,1,1
12,4,12.7656912906044,12.1116960298193,1,1
3,2,12.3013873707787,12.0523443764749,1,1
3,4,11.6082447356423,10.8396005193574,0,0
1,1,12.1007176854125,11.4074316070894,0,1
4,2,11.1562648066437,6.90875477931522,0,0
8,4,14.093143052138,12.8239950767266,1,1
2,3,11.5129354649202,5.01727983681492,0,0
3,1,12.1007176854125,11.7752974217158,1,1
2,1,10.8197982842103,10.4623887995337,0,0
2,3,11.9183972397228,11.6808776077969,1,1
2,1,0.693147180559945,11.7721154660208,1,1
2,3,11.8494048444231,11.2953787222625,0,1
3,1,11.6952553550628,10.9987776622069,0,0
2,3,10.8197982842103,11.9978361794455,1,1
2,3,12.254867571593,10.043292972227,0,0
2,1,11.9183972397228,11.5558700052955,1,1
2,4,12.345838935722,11.5424939759025,1,1
2,1,12.1547846142867,10.9508240905224,0,0
6,4,11.7752974217158,9.92778984505909,0,0
2,3,11.6082447356423,10.176867840277,0,0
3,1,12.7656912906044,11.8039145631795,1,1
4,3,9.21044036697652,11.2897944135779,0,1
2,1,12.4684407561441,10.0459415203311,0,0
2,1,12.5061809416774,11.7722157789199,1,1
3,2,12.1547846142867,11.7751974174848,1,1
2,1,11.9183972397228,11.362114203075,0,1
2,1,9.21044036697652,10.9853096718968,0,0
2,3,11.7752974217158,11.287792435957,0,1
3,3,11.8494048444231,10.0519506601738,0,0
3,2,11.1562648066437,11.0016830877079,0,0
3,1,11.9829353441964,12.3015555376916,1,1
3,2,12.2060776455177,11.3758219857484,0,1
4,4,11.7752974217158,10.463131911492,0,0
2,1,11.5129354649202,10.5966597327836,0,0
2,1,11.5129354649202,4.61512051684126,0,0
4,2,11.2897944135779,10.1527276085716,0,0
3,1,12.3013873707787,11.2245631612136,0,1
3,4,12.1547846142867,10.5600226145993,0,0
5,1,11.9183972397228,11.6080083462169,1,1
3,1,11.4075760603618,11.0501119249698,0,0
2,3,12.1007176854125,11.2896319024049,0,1
6,4,12.2060776455177,8.74846362994206,0,0
2,1,10.8197982842103,10.5966597327836,0,0
6,2,11.4075760603618,11.2250833797171,0,1
2,1,11.9829353441964,11.0349057929294,0,0
4,4,11.9183972397228,11.4097957924638,0,1
2,1,10.3089859934221,11.4075760603618,0,1
3,1,10.8197982842103,9.47278155656217,0,0
3,2,11.6082447356423,9.70241121925853,0,0
3,2,11.7752974217158,10.8778207518042,0,0
3,2,12.6115410869661,8.7408166275673,0,0
12,4,11.002116507732,6.89568269774787,0,0
2,1,10.8197982842103,11.7934922839364,1,1
3,2,12.2060776455177,10.896276255383,0,0
4,3,12.2060776455177,10.9508240905224,0,0
2,3,9.21044036697652,8.42967259388674,0,0
2,4,10.8197982842103,10.8197982842103,0,0
6,1,11.002116507732,10.6819175336245,0,0
4,1,13.270785106659,12.0552555697322,1,1
13,2,12.345838935722,10.5200506209133,0,0
3,3,11.2897944135779,11.5805934591948,1,1
3,1,13.0170050839663,10.726082800283,0,0
3,4,11.6952553550628,10.5172938624107,0,0
3,1,10.5966597327836,10.3348802826542,0,0
3,2,9.21044036697652,11.1565076308331,0,1
2,1,11.4075760603618,10.0858507751287,0,0
4,2,11.002116507732,10.7141510665239,0,0
4,4,11.4075760603618,11.4829609804508,0,1
10,4,13.5008011829866,12.6768135029564,1,1
2,1,11.2897944135779,10.2902114698251,0,0
2,1,13.180634172319,12.2830383162852,1,1
4,1,10.5966597327836,9.39274525863144,0,0
4,3,11.9183972397228,11.4294134127412,0,1
4,3,9.90353755128617,9.47178113322274,0,0
2,4,10.8197982842103,9.81076901153292,0,0
3,1,12.6115410869661,11.6082447356423,1,1
2,1,11.5129354649202,10.8197982842103,0,0
2,3,12.3013873707787,10.8393455899028,0,0
3,2,11.9829353441964,7.48155570190952,0,0
15,4,12.7656912906044,11.9834789430214,1,1
13,1,11.9829353441964,8.31898612539206,0,0
3,1,11.7752974217158,11.2643102476823,0,1
4,1,11.5129354649202,10.447612546703,0,0
2,1,11.8494048444231,12.3522833153118,1,1
20,4,13.4150344839033,12.657899574943,1,1
3,1,10.5966597327836,8.8858559930003,0,0
1,4,12.3883983689821,10.5710091854571,0,0
4,3,12.4292201968364,11.5898957653227,1,1
10,4,13.0170050839663,13.4422284757118,1,1
3,2,11.4075760603618,11.036308012534,0,0
2,1,11.2897944135779,10.146629790357,0,0
2,4,13.1223653774023,12.6618759253748,1,1
3,4,12.4292201968364,10.914633815423,0,0
7,2,11.6952553550628,11.6081265479146,1,1
2,1,11.9829353441964,11.6090353249451,1,1
5,2,11.9183972397228,10.0858507751287,0,0
2,3,12.4292201968364,10.781723291541,0,0
3,1,11.2897944135779,10.7787062586348,0,0
2,3,12.5061809416774,12.3092427640187,1,1
2,1,11.2897944135779,10.7144399907278,0,0
2,1,10.5966597327836,11.3022167792574,0,1
3,3,10.3089859934221,10.2707314478241,0,0
2,1,10.8197982842103,9.85224688834253,0,0
3,2,12.043559598368,10.8967578438935,0,0
13,1,12.899222326087,11.2247365974529,0,0
3,1,11.6952553550628,12.3050171223603,1,1
3,1,12.2060776455177,11.9426538252141,1,1
2,1,11.6952553550628,11.1124628236349,0,1
4,4,11.2897944135779,10.1385991996262,0,0
3,1,11.5129354649202,11.3848079621898,0,0
3,4,11.002116507732,9.58884529850156,0,0
2,3,11.4075760603618,10.848851531896,0,0
3,1,12.043559598368,11.8856056391323,1,1
4,1,11.002116507732,6.73696695800186,0,0
2,3,11.1562648066437,10.5963346880871,0,0
1,1,9.21044036697652,8.47657950853094,0,0
8,4,10.3089859934221,7.34665516317654,0,0
2,1,12.2060776455177,11.632990339695,1,1
3,1,12.4292201968364,12.8045739256034,1,1
2,3,11.4075760603618,10.9853096718968,0,0
3,4,11.1562648066437,10.203999469426,0,0
2,1,12.043559598368,11.3206505373185,0,0
3,4,11.2897944135779,11.0054442424546,0,0
2,3,11.2897944135779,10.5183488146975,0,0
4,3,12.3883983689821,10.8192781593686,0,0
4,2,10.8197982842103,11.4510713376215,0,1
2,4,12.043559598368,10.586609649449,0,0
2,1,11.1562648066437,10.5966597327836,0,0
18,1,13.1223653774023,12.3305046389065,1,1
3,2,12.5776396502326,9.89500164888583,0,0
4,2,12.899222326087,11.2896319024049,0,1
2,3,13.0170050839663,11.264143541476,0,1
3,4,12.6115410869661,10.1464729460639,0,0
2,4,12.254867571593,11.441365014357,0,1
6,2,10.8197982842103,10.3123136727765,0,0
16,4,10.3089859934221,11.9183972397228,1,1
2,4,11.6082447356423,11.5983964895593,1,1
2,1,12.5425484535736,2.39789527279837,0,0
3,4,12.3013873707787,12.1495075850331,1,1
3,2,10.8197982842103,11.5701372107213,1,1
6,3,13.458837042596,11.5759096537589,1,1
4,3,11.6952553550628,10.0097826313537,0,0
9,1,11.2897944135779,11.9374609061688,1,1
2,1,11.8494048444231,11.3499593766883,0,0
5,3,11.2897944135779,9.64865981695529,0,0
2,3,12.2060776455177,11.0974251724089,0,1
7,4,12.4292201968364,10.4627604245397,0,0
6,4,12.1547846142867,11.7358689962818,1,1
4,2,13.1223653774023,11.7750974032519,1,1
5,1,13.1615860136327,12.9979853927995,1,1
16,2,12.6115410869661,12.3158683113531,1,1
4,1,12.5776396502326,13.1522017522123,1,1
3,3,11.7752974217158,11.8349220038367,1,1
2,3,12.2060776455177,10.5360616724503,0,0
5,2,12.1007176854125,10.492773093562,0,0
3,1,12.8739045822051,10.8570933367911,0,0
3,1,12.9715428132484,11.2116581968744,0,1
2,1,11.6082447356423,10.7364184143654,0,0
2,3,12.3883983689821,11.5422415193043,1,1
3,2,11.7752974217158,11.7517454956694,1,1
3,1,12.1007176854125,10.932660441467,0,0
2,3,11.9183972397228,7.13169851046691,0,0
2,1,12.4684407561441,11.4317371012834,0,0
2,3,11.8494048444231,10.9647613555489,0,0
3,2,12.4292201968364,11.3385839825165,0,1
3,3,12.345838935722,11.3504183001091,0,1
2,1,10.8197982842103,11.3115678669779,0,1
1,1,11.8494048444231,10.7993306491412,0,0
1,4,11.1562648066437,11.4074316070894,0,0
5,4,13.2176753753888,9.95327721703864,0,0
2,4,11.2897944135779,10.4952385712157,0,0
2,3,13.3046866008636,10.1256306035168,0,0
6,1,12.899222326087,10.7276849250866,0,0
2,4,12.3013873707787,11.694930304948,1,1
8,4,13.1421679654829,11.0047297133903,0,0
3,4,10.8197982842103,9.74102744483773,0,0
3,2,11.8494048444231,12.2555815989278,1,1
2,1,12.4684407561441,12.0167325160771,1,1
3,1,12.9945322786191,11.5787225687603,1,1
15,2,12.345838935722,11.5128054577697,1,1
1,4,12.2060776455177,9.57505292759738,0,0
1,1,11.7752974217158,8.05484022110102,0,0
1,1,11.4075760603618,11.1526583626633,0,1
3,2,12.043559598368,10.6926037867045,0,0
2,1,11.2897944135779,10.1105423715008,0,0
2,3,12.043559598368,10.5453677541517,0,0
4,2,12.3013873707787,11.7837232974878,1,1
2,3,11.2897944135779,10.4765271227082,0,0
1,1,11.2897944135779,10.3089859934221,0,0
3,2,12.2060776455177,11.6526961029598,1,1
3,3,11.9183972397228,10.0858507751287,0,0
2,4,11.1562648066437,10.0380621508323,0,0
3,1,11.002116507732,10.4341452149305,0,0
2,1,11.4075760603618,9.30455904721516,0,0
2,1,11.6952553550628,11.543910434218,1,1
3,1,13.0815434662152,8.07090608878782,0,0
2,4,0.693147180559945,11.3385839825165,0,1
7,4,11.6082447356423,10.4042931430198,0,0
9,3,12.7367038377645,11.9248695391761,1,1
2,1,11.7752974217158,11.2896319024049,0,1
2,3,11.8494048444231,10.4627604245397,0,0
2,3,12.6115410869661,11.0186455364637,0,0
3,2,12.6115410869661,11.6294988804421,1,1
2,1,12.3883983689821,10.7276849250866,0,0
1,4,11.6952553550628,10.4487435881066,0,0
5,1,11.1562648066437,8.35490952835879,0,0
3,4,11.7752974217158,11.7762200657714,1,1
3,1,11.4075760603618,10.3890261370752,0,0
2,3,13.3046866008636,12.3457258863454,1,1
3,3,11.8494048444231,10.043292972227,0,0
3,1,13.2878795107957,10.7141510665239,0,0
2,3,14.093143052138,10.9508240905224,0,0
2,1,11.6082447356423,11.1684896026895,0,1
2,1,12.1547846142867,11.4976899923275,0,1
2,3,12.1547846142867,11.1122687778544,0,1
4,4,10.8197982842103,11.1558933143837,0,0
1,1,12.345838935722,9.51051903575725,0,0
2,3,11.002116507732,11.4510606994934,0,1
2,3,12.1547846142867,11.0019498299531,0,0
2,3,9.21044036697652,10.2396025825095,0,0
3,2,12.1547846142867,11.6782280165946,1,1
3,2,11.4075760603618,10.0519506601738,0,0
2,3,10.8197982842103,11.2412610882117,0,1
2,3,12.2060776455177,11.7751974174848,1,1
2,1,11.6952553550628,8.5173931714189,0,0
3,1,11.002116507732,11.2104816386445,0,0
3,3,12.043559598368,11.7279400657107,1,1
3,3,11.2897944135779,5.96100533962327,0,0
4,2,12.254867571593,11.3023031942097,0,1
3,1,12.043559598368,10.5966597327836,0,0
3,1,12.4292201968364,11.0018998212016,0,0
3,4,12.7938620882062,11.7607928478997,1,1
2,1,10.8197982842103,10.5321228782696,0,0
3,4,9.21044036697652,10.3417747410115,0,0
2,3,10.8197982842103,11.1505342140354,0,0
3,2,12.5425484535736,11.1560790777645,0,0
6,4,13.2878795107957,12.4291161918441,1,1
5,2,11.1562648066437,10.3735224312936,0,0
5,1,11.2897944135779,11.0819579164496,0,0
3,3,0.693147180559945,10.5963346880871,0,0
3,3,11.6952553550628,10.8587682017015,0,0
2,1,0.693147180559945,8.86333283343959,0,0
4,1,13.1993262703906,11.4967046154427,0,1
4,3,11.7752974217158,11.3521814300031,0,0
2,3,13.1223653774023,9.57366316988638,0,0
3,4,11.7752974217158,11.8634062647456,1,1
2,1,11.2897944135779,11.7026197760936,1,1
6,1,11.5129354649202,10.5966597327836,0,0
3,1,10.3089859934221,11.314328174074,0,0
2,1,12.6443308022626,10.3076851910773,0,0
3,3,10.5966597327836,10.8393455899028,0,0
7,2,10.8197982842103,11.5128054577697,1,1
3,2,11.1562648066437,11.2463654104738,0,0
6,1,11.9183972397228,11.0344863569034,0,0
3,2,12.5061809416774,11.4305542150118,0,0
3,1,11.5129354649202,9.16962253869762,0,0
7,3,12.1007176854125,10.8932331862171,0,0
3,2,11.9829353441964,11.4509223935285,0,1
3,2,12.345838935722,10.6785602824947,0,0
2,3,11.2897944135779,10.357361799852,0,0
3,3,13.180634172319,11.314328174074,0,1
3,2,12.5425484535736,11.9829165941378,1,1
3,1,9.21044036697652,7.89692465626886,0,0
2,1,12.345838935722,11.3385839825165,0,1
3,4,11.7752974217158,9.43356392009056,0,0
4,4,12.2060776455177,9.7981825908907,0,0
6,1,11.1562648066437,10.0303404435321,0,0
17,1,12.6115410869661,11.7376757248367,1,1
3,2,11.002116507732,9.92759462787936,0,0
2,4,11.5129354649202,11.1842547174411,0,1
3,2,10.3089859934221,10.2342650333435,0,0
2,3,12.1007176854125,11.8420493398217,1,1
17,3,11.1562648066437,10.9123756970777,0,0
19,1,11.4075760603618,11.7753051139348,1,1
3,2,11.6952553550628,10.8195382556057,0,0
4,2,11.1562648066437,9.41172899148736,0,0
20,2,13.1615860136327,11.1562648066437,0,1
3,1,11.1562648066437,10.372709626447,0,0
4,2,11.5129354649202,11.3502653490355,0,1
4,3,10.8197982842103,10.1766395732036,0,0
14,3,12.6115410869661,12.1120696110391,1,1
2,4,11.6082447356423,9.47278155656217,0,0
2,1,12.4684407561441,9.03610602536485,0,0
2,1,11.7752974217158,10.8815692845665,0,0
4,4,11.2897944135779,10.5450255993628,0,0
10,1,12.4292201968364,11.8372166702893,1,1
1,4,10.8197982842103,10.6110552557573,0,0
7,4,11.2897944135779,10.4913019948302,0,0
2,3,12.4292201968364,11.7751974174848,1,1
5,1,13.1223653774023,10.8197982842103,0,0
3,2,10.3089859934221,9.79517824902928,0,0
5,1,11.7752974217158,8.82482493917564,0,0
18,4,10.8197982842103,11.6082447356423,1,1
6,1,12.6115410869661,10.0257494320691,0,0
5,3,11.6082447356423,8.18896686364888,0,0
2,1,11.5129354649202,10.9148702585913,0,0
8,3,13.2176753753888,12.6670859829378,1,1
4,3,12.4684407561441,10.2323595518128,0,0
2,3,9.21044036697652,10.0880565818706,0,0
2,3,12.7656912906044,11.5111438788878,1,1
3,2,11.1562648066437,11.5593222911994,1,1
3,3,11.8494048444231,10.3698909587494,0,0
9,2,14.093143052138,13.4532299315047,1,1
17,3,14.093143052138,11.7752974217158,1,1
6,3,12.254867571593,10.8195382556057,0,0
2,3,11.8494048444231,11.2510670725279,0,1
3,3,12.7656912906044,11.4613689780558,0,1
3,2,11.002116507732,10.3735224312936,0,0
2,3,0.693147180559945,11.0186455364637,0,0
5,1,11.002116507732,9.61587214452889,0,0
2,4,12.043559598368,11.5439298238329,1,1
2,3,13.1021627109011,11.440225731552,0,0
4,4,11.6952553550628,9.96650929895228,0,0
2,4,12.2060776455177,11.7827617442764,1,1
10,1,11.7752974217158,11.6910800185195,1,1
2,3,12.4684407561441,10.3723029761451,0,0
2,3,10.5966597327836,10.1359871987744,0,0
3,2,10.8197982842103,10.7184319234645,0,0
3,2,11.1562648066437,10.8036692274771,0,0
4,2,12.5425484535736,9.42987742769628,0,0
1,1,11.4075760603618,10.5713425658087,0,0
3,2,0.693147180559945,11.0817578595097,0,0
3,1,12.7367038377645,10.7875236516809,0,0
2,1,11.6952553550628,11.1437440689393,0,0
2,3,11.2897944135779,10.1811571672049,0,0
4,3,0.693147180559945,11.3961107103784,0,1
4,2,12.9715428132484,11.9182238925213,1,1
2,4,11.8494048444231,9.61500515991358,0,0
5,4,11.4075760603618,10.1064692120264,0,0
5,4,12.4292201968364,12.0839389092865,1,1
4,1,14.093143052138,12.9813135060045,1,1
3,1,12.043559598368,11.512675433715,1,1
2,4,9.90353755128617,10.8137803326066,0,0
2,3,10.3089859934221,10.5453677541517,0,0
2,1,0.693147180559945,11.4681059074984,0,1
2,3,13.0170050839663,11.326451298013,0,1
2,3,0.693147180559945,10.9473092101881,0,0
2,3,12.5061809416774,10.5963346880871,0,0
2,4,10.8197982842103,9.54057893384188,0,0
3,4,12.676079399771,12.0479616339313,1,1
2,4,10.3089859934221,11.0018998212016,0,0
1,4,12.899222326087,11.3382744144805,0,0
3,1,11.5129354649202,11.0819579164496,0,0
3,1,11.9183972397228,10.3750836631101,0,0
2,3,13.2176753753888,12.1806932971908,1,1
16,2,12.3013873707787,11.1540767314906,0,1
2,3,12.3883983689821,11.1697165880562,0,0
3,2,0.693147180559945,9.44351345892757,0,0
2,4,12.3013873707787,11.5067866610108,0,1
1,1,11.6952553550628,11.0316748245446,0,0
2,1,12.1007176854125,12.0135492262516,1,1
16,2,11.002116507732,10.7361357718736,0,0
5,1,12.7938620882062,12.7423642413036,1,1
3,4,12.2060776455177,9.89156678164044,0,0
4,2,12.5425484535736,11.466232100978,0,1
2,4,12.3883983689821,11.512675433715,1,1
9,1,13.0170050839663,11.6525830540747,1,1
3,4,11.6082447356423,10.0690443629974,0,0
3,4,12.2060776455177,11.6534523321071,1,1
3,2,12.254867571593,11.5402974117661,1,1
6,3,10.8197982842103,12.3148732373352,1,1
5,1,13.3212158754924,12.1746903317015,1,1
2,1,12.1007176854125,11.7751974174848,1,1
6,3,12.9480123712091,11.8384450829013,1,1
7,4,12.2060776455177,11.6524699924081,1,1
2,3,13.038983942376,11.919396733396,1,1
4,3,11.8494048444231,10.6448294819457,0,0
2,1,12.3883983689821,11.4795858243585,0,1
5,4,12.7068509637411,11.3501123745643,0,1
2,4,12.1547846142867,11.5614775055524,1,1
2,4,12.4292201968364,11.393713909465,0,1
3,4,12.3883983689821,11.1872091752005,0,0
1,4,12.2060776455177,11.0151476800535,0,0
2,3,11.7752974217158,10.5617585687086,0,0
2,1,12.2060776455177,8.88058552310249,0,0
5,3,12.1547846142867,10.5963346880871,0,0
2,3,11.5129354649202,11.0346960969072,0,0
8,4,14.093143052138,12.7423642413036,1,1
2,1,11.2897944135779,10.308552580623,0,0
15,3,11.2897944135779,10.8707945404262,0,0
5,1,12.9945322786191,10.1425438223104,0,0
2,4,11.9183972397228,11.7033391916615,1,1
15,4,11.6952553550628,10.8965170786292,0,0
2,1,11.8494048444231,11.121378054821,0,0
3,2,10.3089859934221,10.3409357064973,0,0
7,1,10.3089859934221,11.8563378486754,1,1
10,1,11.6952553550628,11.9640074537369,1,1
3,2,12.5425484535736,11.3384292104775,0,0
6,1,10.3089859934221,10.9867831370923,0,0
2,1,12.254867571593,11.5814062053404,1,1
3,1,10.5966597327836,11.1264979857392,0,0
7,2,11.9183972397228,9.39166142843655,0,0
3,2,11.6952553550628,11.2475005213994,0,1
2,3,12.2060776455177,11.3736748918235,0,1
3,2,10.5966597327836,10.1286690258759,0,0
3,2,10.8197982842103,9.45571497213171,0,0
3,3,12.2060776455177,10.8666809540965,0,0
5,4,11.4075760603618,11.1791017180019,0,1
3,3,11.5129354649202,10.668676285961,0,0
12,2,0.693147180559945,11.022653820152,0,0
2,4,13.458837042596,12.2304530142556,1,1
2,3,11.2897944135779,10.2399955028053,0,0
2,3,11.6082447356423,10.3744594628464,0,0
4,4,12.9945322786191,12.7423642413036,1,1
4,2,10.5966597327836,9.99825212898055,0,0
2,3,11.6082447356423,12.1707096816841,1,1
3,2,12.5061809416774,11.0629283638001,0,0
3,3,11.2897944135779,10.4440952545866,0,0
3,2,12.043559598368,11.4074316070894,0,1
3,4,12.2060776455177,11.9182238925213,1,1
12,1,12.3013873707787,6.93147180559945,0,0
2,1,11.4075760603618,10.6636155818221,0,0
5,1,12.8479291632781,12.2438548244891,1,1
16,1,11.6082447356423,11.0018998212016,0,0
2,4,12.2060776455177,10.0168608797038,0,0
2,1,11.6952553550628,10.6916721484308,0,0
3,2,12.9945322786191,12.9785946184502,1,1
4,2,12.9480123712091,12.7423642413036,1,1
2,1,11.4075760603618,11.2172246615911,0,1
2,4,11.1562648066437,12.0137068134704,1,1
2,3,12.043559598368,9.77571099759397,0,0
2,3,12.345838935722,11.5227569768835,1,0
4,4,12.2060776455177,10.1256306035168,0,0
7,3,11.6952553550628,10.4432795700947,0,0
2,3,11.7752974217158,11.0018998212016,0,0
2,1,12.254867571593,11.2157047102597,0,1
2,1,10.8197982842103,9.54688403461792,0,0
3,4,11.9183972397228,11.6112855345833,1,1
2,1,11.6082447356423,10.5534140306415,0,0
3,3,11.7752974217158,11.0018998212016,0,1
17,4,13.3847291803322,11.9321356748701,1,1
6,1,12.7367038377645,11.3218981225553,0,0
2,1,12.8739045822051,11.2896319024049,0,1
3,2,11.2897944135779,11.264143541476,0,1
1,4,11.6082447356423,6.39859493453521,0,0
2,3,12.9945322786191,11.2250833797171,0,1
1,4,11.9829353441964,12.7096802821897,1,1
4,3,11.5129354649202,6.85751406254539,0,0
6,4,12.6443308022626,11.7829602357419,1,1
3,1,10.8197982842103,9.8934877204578,0,0
1,1,11.7752974217158,10.9165601080881,0,0
3,3,12.043559598368,11.7978186520941,1,1
6,4,12.043559598368,11.2077716466064,0,1
2,1,13.180634172319,10.3089859934221,0,0
2,1,11.002116507732,10.4337628001234,0,0
3,3,13.3692250178346,12.0074692561619,1,1
2,1,11.5129354649202,11.3502653490355,0,1
2,3,12.4292201968364,11.6612420164615,1,1
1,1,11.4075760603618,11.0664508447615,0,0
2,4,13.0604901013436,11.9116210447716,1,1
3,2,12.4292201968364,11.1872091752005,0,0
4,4,12.2060776455177,12.3565938897743,1,1
3,1,12.254867571593,12.0039625813404,1,1
1,1,12.1547846142867,10.8543922489263,0,0
2,3,11.5129354649202,11.2719742950061,0,1
1,1,11.8494048444231,10.375021260614,0,0
1,1,11.4075760603618,9.24898399556839,0,0
2,1,11.7752974217158,11.1576923382562,0,0
2,3,11.4075760603618,11.5066558519566,0,1
2,3,10.8197982842103,10.6213517356329,0,0
3,1,11.9183972397228,7.43897159239586,0,0
14,1,11.8494048444231,10.2921794400585,0,0
2,3,11.9183972397228,9.7291936874294,0,0
15,3,11.2897944135779,11.3181385372596,0,1
3,2,12.5776396502326,10.8192781593686,0,0
2,1,11.2897944135779,11.0184324024918,0,0
2,1,9.90353755128617,11.0664508447615,0,0
2,4,12.043559598368,11.3848079621898,0,1
4,1,13.270785106659,13.4355099595792,1,1
2,3,11.1562648066437,9.6389358974732,0,0
3,3,12.7656912906044,12.6578582039068,1,1
3,2,13.1615860136327,11.9183105698782,1,1
2,1,12.6115410869661,11.2417858091378,0,1
3,2,10.8197982842103,9.59546670908882,0,0
5,4,14.093143052138,12.3369912528019,1,1
3,2,14.093143052138,13.165240857965,1,1
3,1,11.002116507732,10.052079956586,0,0
4,1,12.3013873707787,11.0664508447615,0,1
5,1,12.2060776455177,9.7974601478906,0,0
3,1,12.345838935722,9.96997729380496,0,0
3,1,9.21044036697652,10.568775236217,0,0
2,1,12.7068509637411,11.8420493398217,1,1
5,1,12.7367038377645,12.6459005322658,1,1
2,3,11.2897944135779,11.0664508447615,0,0
3,3,14.093143052138,10.2031476017473,0,0
5,2,11.2897944135779,10.1261509886135,0,0
8,3,12.7656912906044,12.7991729458115,1,1
5,4,11.1562648066437,11.5326104382866,1,1
6,3,10.5966597327836,11.043481678983,0,0
3,1,11.2897944135779,11.8348277883077,1,1
3,2,11.9183972397228,10.1261509886135,0,0
5,4,11.002116507732,10.8683398510247,0,0
4,1,11.1562648066437,10.308552580623,0,0
3,3,11.6952553550628,8.94910546953925,0,0
3,1,10.8197982842103,11.0120666735714,0,0
2,3,12.5776396502326,11.821262742347,1,1
3,3,11.9183972397228,11.1416878554113,0,0
6,2,11.7752974217158,11.2896319024049,0,1
3,2,11.9829353441964,11.6652773851418,1,1
8,3,10.5966597327836,9.90353755128617,0,0
2,3,12.5061809416774,11.0819579164496,0,0
2,3,10.5966597327836,11.6774903001749,1,1
2,1,11.9183972397228,10.2128454966658,0,0
3,2,11.5129354649202,9.9958844018021,0,0
3,2,10.8197982842103,10.5467614826003,0,0
16,3,13.458837042596,11.1558933143837,0,1
4,4,12.1007176854125,11.3782620032258,0,1
12,1,12.676079399771,11.6994133306336,1,1
2,4,12.8739045822051,11.1562648066437,0,0
8,4,12.676079399771,12.7423642413036,1,1
3,4,10.8197982842103,9.28739400141847,0,0
3,1,10.5966597327836,11.1698998014792,0,1
3,1,11.8494048444231,11.5614775055524,1,1
4,3,9.21044036697652,9.2098402469345,0,0
1,1,11.5129354649202,11.3288583856378,0,1
12,1,11.7752974217158,10.140060524162,0,0
3,3,14.093143052138,10.5960095377022,0,0
2,4,10.8197982842103,10.1251099474784,0,0
2,1,11.9183972397228,10.0858507751287,0,0
3,1,12.3883983689821,11.9075857439122,1,1
3,2,12.254867571593,11.2894693648177,0,0
3,3,10.5966597327836,9.7974601478906,0,0
4,4,12.3013873707787,12.0134704233286,1,1
3,2,9.90353755128617,9.61587214452889,0,0
2,1,13.3046866008636,11.6525830540747,1,1
14,3,12.043559598368,12.7525858251165,1,1
8,1,11.4075760603618,11.5989930634076,1,1
2,3,11.9183972397228,10.9112264708547,0,0
7,1,11.7752974217158,11.326451298013,0,0
6,3,12.254867571593,11.2116581968744,0,0
6,3,11.1562648066437,9.90103454637506,0,0
2,1,11.4075760603618,10.6221806400638,0,0
17,3,12.6115410869661,11.5128054577697,1,0
2,1,11.4075760603618,10.8760073776767,0,0
2,3,14.093143052138,11.2501181023492,0,0
9,4,12.043559598368,11.6781178176854,1,1
2,1,11.4075760603618,10.1266711030504,0,0
3,2,9.90353755128617,9.37169362233394,0,0
2,1,10.8197982842103,10.1256306035168,0,0
1,1,10.8197982842103,10.9151066458675,0,0
1,4,11.4075760603618,10.8628569307754,0,1
3,2,12.3013873707787,11.1258060409788,0,1
18,4,12.676079399771,11.5710811591386,1,1
3,2,12.8739045822051,8.94910546953925,0,0
12,3,12.4292201968364,12.1959617017794,1,1
3,3,14.093143052138,11.967104543869,1,1
4,1,12.7367038377645,11.9047986195589,1,1
2,1,11.9183972397228,10.4913019948302,0,0
3,1,11.6952553550628,10.8698818713765,0,0
3,2,11.1562648066437,10.1266711030504,0,0
2,1,12.9480123712091,10.5966597327836,0,0
2,4,9.90353755128617,9.47178113322274,0,0
3,2,11.9183972397228,11.9734341596542,1,1
13,4,13.0815434662152,11.4075760603618,0,1
6,1,0.693147180559945,11.0926715393886,0,1
5,4,10.8197982842103,10.8197982842103,0,0
3,1,11.6952553550628,10.7358530494725,0,0
3,4,12.5776396502326,11.9208009989996,1,1
1,1,11.5129354649202,9.75272280064639,0,0
2,1,12.1007176854125,11.7117845204031,1,1
1,4,12.5776396502326,11.3241954175951,0,0
7,4,10.8197982842103,9.50308461002023,0,0
3,1,11.5129354649202,9.16962253869762,0,0
3,3,12.4292201968364,11.4593136955216,0,1
2,3,12.3883983689821,11.2512359727927,0,1
2,3,11.6952553550628,10.0858507751287,0,0
3,3,10.5966597327836,10.2185172465061,0,0
2,1,11.4075760603618,10.2471127172904,0,0
1,1,10.3089859934221,11.0016830877079,0,1
3,4,10.3089859934221,10.6500096094878,0,0
2,1,11.5129354649202,9.74102744483773,0,0
1,4,11.1562648066437,8.00235954625271,0,0
3,2,9.21044036697652,9.20913965139966,0,0
1,4,11.4075760603618,9.01042494678118,0,0
2,1,10.3089859934221,10.9209982397672,0,0
19,4,14.093143052138,10.749377279111,0,0
2,3,12.9945322786191,11.9183105698782,1,1
5,3,12.2060776455177,11.3501123745643,0,0
4,1,9.90353755128617,11.0112412641215,0,0
2,1,11.002116507732,9.90353755128617,0,0
2,1,11.8494048444231,9.20913965139966,0,0
2,1,11.6952553550628,10.6213517356329,0,0
2,1,11.9183972397228,10.3596774601359,0,0
2,3,11.4075760603618,10.7358530494725,0,0
3,2,12.7656912906044,11.512675433715,1,1
2,3,12.3883983689821,11.5278239296322,1,1
2,1,11.8494048444231,11.4390528497333,0,1
16,2,13.1223653774023,12.8660352586991,1,1
13,2,11.6952553550628,10.7852075433601,0,0
2,3,11.2897944135779,10.9733745248501,0,0
2,1,11.9829353441964,11.4613689780558,0,1
2,3,11.1562648066437,11.2657581398431,0,0
2,3,12.1547846142867,10.755964833679,0,0
4,1,14.093143052138,11.0932498643929,0,0
10,3,12.3883983689821,10.8965170786292,0,0
6,1,12.2060776455177,11.5134353349644,1,1
2,1,11.9829353441964,10.9679913715708,0,0
2,3,12.4292201968364,11.0819579164496,0,0
5,3,10.8197982842103,10.4913019948302,0,0
2,1,12.043559598368,11.6370704427111,1,1
2,4,12.7068509637411,11.1122687778544,0,0
3,4,12.5061809416774,12.1029374298325,1,1
18,2,12.254867571593,13.3941690846953,1,1
11,2,12.676079399771,11.4924676230678,0,1
4,3,12.4684407561441,9.98049488889691,0,0
2,1,12.5776396502326,10.1748877924136,0,0
7,1,9.90353755128617,9.67715141032275,0,0
3,1,11.9183972397228,11.7420431356441,1,1
11,1,9.90353755128617,9.40104337279805,0,0
2,1,11.7752974217158,8.69968140098951,0,0
3,2,11.8494048444231,11.4298807557958,0,0
2,1,12.7938620882062,9.20783724175806,0,0
6,4,12.6443308022626,12.1145109314417,1,1
4,2,12.4684407561441,11.1560790777645,0,0
2,1,11.8494048444231,12.0434066463947,1,1
6,3,0.693147180559945,11.8772143491596,1,1
6,1,10.5966597327836,9.21044036697652,0,0
2,3,10.8197982842103,10.1296266128301,0,0
2,1,12.2060776455177,11.2252567257629,0,1
4,2,10.3089859934221,11.4131161793507,0,1
3,2,11.5129354649202,11.5164293192969,1,1
3,4,11.4075760603618,11.3845578598739,0,1
2,1,11.4075760603618,9.54595509818327,0,0
2,3,12.6443308022626,9.57324586566555,0,0
2,3,11.2897944135779,11.3848079621898,0,0
2,4,10.8197982842103,8.93603509656604,0,0
19,1,0.693147180559945,7.17242457712485,0,0
2,3,13.1223653774023,11.5089274836829,0,1
2,3,12.1007176854125,11.3218981225553,0,1
2,1,11.002116507732,12.7944785631002,1,1
3,3,12.5061809416774,10.1735528569597,0,0
1,4,11.7752974217158,10.2033328521137,0,0
2,3,12.3013873707787,12.853759486895,1,1
2,4,11.1562648066437,11.9183105698782,1,1
3,1,12.3883983689821,10.0562515570878,0,0
2,3,11.6952553550628,12.0492726259663,1,1
2,4,11.5129354649202,10.7995959850478,0,0
3,4,12.8479291632781,11.5075409946934,0,1
1,1,11.5129354649202,11.1282184099466,0,1
2,1,12.3013873707787,10.3731161114518,0,0
2,4,11.1562648066437,10.4627604245397,0,0
2,3,11.7752974217158,10.2137258107013,0,0
2,1,11.2897944135779,10.7573708242817,0,0
1,4,11.8494048444231,9.8730798901147,0,0
2,1,12.7656912906044,10.471666571132,0,0
2,4,12.5425484535736,11.6948219314261,1,1
1,4,11.6952553550628,11.2835248791797,0,1
7,3,12.1007176854125,9.47278155656217,0,0
3,1,11.4075760603618,11.1558933143837,0,0
2,3,13.2533933941952,10.3081189798957,0,0
4,4,11.5129354649202,10.3907476782794,0,0
1,1,11.4075760603618,11.256754979391,0,1
2,1,13.180634172319,11.3961107103784,0,1
2,4,12.4684407561441,10.6549272258476,0,0
1,1,11.8494048444231,7.09090982207998,0,0
8,1,11.5129354649202,9.74055677353411,0,0
3,3,12.5425484535736,10.3081189798957,0,0
4,1,12.3013873707787,11.9624329765109,1,1
4,4,11.9829353441964,12.657899574943,1,1
2,4,11.8494048444231,12.657899574943,1,1
4,3,12.043559598368,10.9610694916462,0,0
3,1,12.5425484535736,13.0018283083756,1,1
4,1,11.4075760603618,10.5453677541517,0,0
3,3,13.2878795107957,12.2158992063479,1,1
5,3,11.7752974217158,10.9853096718968,0,0
3,3,12.4292201968364,11.779902152763,1,1
5,2,11.5129354649202,10.3299637078338,0,0
2,1,11.2897944135779,11.3735254570889,0,1
1,4,11.2897944135779,7.49609734517596,0,0
3,4,11.5129354649202,8.26898820950666,0,0
3,4,11.9183972397228,11.2833613458531,0,1
3,2,12.3013873707787,10.7528048011572,0,0
1,4,11.2897944135779,9.57505292759738,0,0
2,1,12.2060776455177,11.5612297968566,1,1
1,1,12.345838935722,11.2332247895934,0,1
2,1,11.2897944135779,10.4627604245397,0,0
1,4,12.043559598368,9.92822894442457,0,0
2,1,12.676079399771,11.1040244609262,0,0
2,1,12.1547846142867,9.89095940195886,0,0
2,1,12.1547846142867,10.6053714565385,0,0
1,1,12.3013873707787,10.8825840552027,0,0
5,2,13.1021627109011,11.4926003011756,0,1
1,4,11.9829353441964,9.7291936874294,0,0
3,2,12.8212609873195,12.1281165094513,1,1
7,2,13.5278298188449,12.1806266241987,1,1
2,3,11.9829353441964,11.4470099962753,0,1
2,3,9.90353755128617,10.6916721484308,0,0
7,2,12.7367038377645,12.0780972184763,1,1
20,4,14.093143052138,10.7579241570616,0,0
2,3,12.4292201968364,9.61587214452889,0,0
3,1,12.043559598368,11.0087609400772,0,0
2,1,12.899222326087,11.2390673991115,0,1
1,1,12.254867571593,10.1887040880481,0,0
2,1,11.9829353441964,10.6213517356329,0,0
2,1,12.8739045822051,10.8192781593686,0,0
2,1,11.8494048444231,11.6868871754197,1,1
3,3,11.6082447356423,10.7576475289438,0,0
2,3,11.6952553550628,10.9816930314266,0,0
2,1,11.5129354649202,10.8590182281479,0,0
2,1,11.8494048444231,10.3417747410115,0,0
2,4,11.6082447356423,10.3081189798957,0,0
4,1,11.7752974217158,10.8081104795426,0,0
2,1,11.9829353441964,10.8510637504494,0,0
5,4,13.3046866008636,10.6213517356329,0,0
2,3,12.2060776455177,9.90288737246409,0,0
2,1,11.7752974217158,11.7447115616658,1,1
3,1,11.6952553550628,10.8198182836103,0,0
7,1,13.0604901013436,11.6951470167638,1,1
2,1,12.5061809416774,12.1279759597938,1,1
3,1,14.093143052138,12.6768135029564,1,1
8,1,13.0604901013436,10.668676285961,0,0
4,3,13.1615860136327,9.48804786328076,0,0
3,1,14.093143052138,13.3941690846953,1,1
6,1,12.5061809416774,10.3089859934221,0,0
3,1,11.7752974217158,11.0184324024918,0,1
5,2,13.353476685668,12.7423262212144,1,1
3,2,12.6443308022626,10.8790089940058,0,0
5,1,12.7068509637411,11.5897753888219,1,1
4,1,12.5061809416774,11.291043617373,0,0
2,3,11.4075760603618,10.4515222520844,0,0
2,3,12.043559598368,11.512675433715,1,1
2,1,11.2897944135779,10.6210346199196,0,0
2,1,12.043559598368,11.251404844535,0,1
3,4,11.2897944135779,10.6451391421557,0,0
2,1,11.9829353441964,11.2894693648177,0,1
2,3,12.5425484535736,10.8195382556057,0,0
3,3,11.9829353441964,11.3502653490355,0,1
4,4,12.8739045822051,10.2874225420939,0,0
2,4,11.6952553550628,10.8197982842103,0,0
4,1,11.002116507732,11.0018998212016,0,0
2,1,11.7752974217158,9.76927021041632,0,0
2,1,11.8494048444231,10.1653901720004,0,0
4,1,12.7367038377645,12.2643462706242,1,1
2,1,11.6952553550628,10.2031476017473,0,0
5,4,12.254867571593,12.1005732313375,1,1
3,1,14.093143052138,12.8948000733565,1,1
2,1,12.6443308022626,10.1481185854918,0,0
6,1,12.8739045822051,11.1605981990249,0,1
1,1,11.9829353441964,11.3502653490355,0,1
4,3,12.7068509637411,11.3862391625976,0,1
3,1,12.1007176854125,11.4574233258086,0,1
3,1,12.5776396502326,11.4822084923082,0,1
2,3,11.002116507732,10.5710091854571,0,0
1,1,11.9829353441964,11.3302878582378,0,1
3,2,12.5425484535736,12.7936315067092,1,1
3,4,12.4684407561441,9.05028898382796,0,0
1,4,12.4292201968364,10.6466146654011,0,0
7,4,12.345838935722,11.6080083462169,1,1
10,3,12.5425484535736,10.6577533505236,0,0
3,3,12.899222326087,11.694930304948,1,1
2,3,11.2897944135779,10.8888378203418,0,0
3,2,12.5776396502326,10.1261509886135,0,0
1,4,11.5129354649202,12.657899574943,1,1
3,4,11.1562648066437,11.661492011075,1,1
1,4,12.4684407561441,10.5966847318461,0,0
3,3,11.6082447356423,10.2576944533605,0,0
3,2,0.693147180559945,9.57414980481551,0,0
12,4,11.6082447356423,10.4913019948302,0,0
4,2,12.4292201968364,11.4074316070894,0,0
6,1,11.7752974217158,11.3362002195732,0,1
4,1,11.1562648066437,11.0018998212016,0,0
1,4,12.4292201968364,10.8967578438935,0,0
3,1,12.6115410869661,10.3081189798957,0,0
2,4,11.6952553550628,10.4038991379532,0,0
1,4,11.6952553550628,12.0723983855577,1,1
2,3,11.7752974217158,9.90288737246409,0,0
2,1,11.6082447356423,11.0594563835636,0,1
20,3,13.3046866008636,11.2104816386445,0,0
18,2,12.1547846142867,10.0853089842884,0,0
2,1,11.4075760603618,11.2894693648177,0,1
2,3,9.90353755128617,9.99884318585288,0,0
3,2,9.21044036697652,9.66427813353513,0,0
3,2,10.5966597327836,9.31578088443418,0,0
2,3,11.6952553550628,9.90353755128617,0,0
3,2,10.8197982842103,11.1268952695007,0,1
2,1,10.8197982842103,11.00378175932,0,0
2,3,11.9183972397228,11.5423677555702,1,1
3,3,11.6952553550628,11.0184324024918,0,0
2,4,12.2060776455177,10.9700586269928,0,0
2,4,12.7068509637411,11.6950386667264,1,1
1,1,0.693147180559945,10.4038991379532,0,0
2,3,11.2897944135779,11.362114203075,0,1
3,2,9.21044036697652,9.85744361403472,0,0
2,3,9.21044036697652,10.6090819441478,0,0
2,3,12.6443308022626,12.1116245939865,1,1
2,1,12.2060776455177,11.1702661276545,0,0
2,1,11.9183972397228,10.8291145653873,0,0
5,2,0.693147180559945,11.6177178192549,1,1
1,4,11.002116507732,10.490940828537,0,0
2,1,11.7752974217158,10.9503678541139,0,0
2,3,10.3089859934221,9.90223677063448,0,0
2,3,12.3013873707787,11.0540754027946,0,1
2,4,12.6115410869661,11.2894693648177,0,1
3,1,12.2060776455177,11.9826915660084,1,1
3,2,11.9183972397228,11.849311983632,1,1
4,3,12.5061809416774,9.61326893243235,0,0
3,2,11.4075760603618,11.5902660636949,1,1
3,3,12.5776396502326,11.6951470167638,1,1
4,1,12.3013873707787,10.4042931430198,0,0
2,4,12.1007176854125,11.224483103572,0,1
18,4,14.093143052138,11.7358689962818,1,1
3,2,11.9829353441964,10.4138230562129,0,0
3,2,11.9829353441964,11.2512359727927,0,1
4,4,12.676079399771,12.2075765141527,1,1
4,1,12.9715428132484,11.7751974174848,1,1
2,4,11.6952553550628,11.0018998212016,0,0
3,4,11.7752974217158,10.6213517356329,0,0
3,1,12.1007176854125,11.1560790777645,0,0
4,1,12.8739045822051,11.4295547255373,0,1
1,4,0.693147180559945,6.71780469502369,0,0
4,4,12.676079399771,8.5173931714189,0,0
3,2,12.9480123712091,11.4074316070894,0,0
2,1,12.6443308022626,11.9701920716417,1,1
10,2,13.0604901013436,12.7423262212144,1,1
3,2,12.7367038377645,12.7423642413036,1,1
3,2,11.1562648066437,11.0346960969072,0,0
2,1,11.4075760603618,11.286037411751,0,1
2,3,10.8197982842103,10.9610694916462,0,0
2,3,11.8494048444231,11.289481868647,0,1
3,2,12.676079399771,10.5450255993628,0,0
2,3,11.5129354649202,11.3360450781257,0,1
2,3,10.5966597327836,10.2395311258658,0,0
3,2,11.002116507732,10.4773161440809,0,0
4,1,11.4075760603618,11.0018998212016,0,0
4,1,11.1562648066437,9.34565766892381,0,0
5,1,10.8197982842103,10.5888041539809,0,0
1,4,11.5129354649202,11.2894693648177,0,1
2,4,12.5061809416774,11.7751974174848,1,1
3,4,12.1007176854125,11.6630767292149,1,1
3,2,11.8494048444231,11.4793790226495,0,1
1,4,12.6115410869661,11.408853008297,0,1
11,4,11.002116507732,11.0350670676451,0,0
12,1,12.1007176854125,9.07966204833407,0,0
2,1,10.8197982842103,10.564008230269,0,0
3,2,11.4075760603618,10.2564656716306,0,0
3,1,14.093143052138,11.5209035552051,1,1
3,2,13.1223653774023,9.61587214452889,0,0
2,4,12.2060776455177,10.8919314901095,0,0
2,3,11.6082447356423,10.6916721484308,0,0
2,3,12.7656912906044,12.657899574943,1,1
2,1,11.7752974217158,10.8094854949249,0,0
3,1,12.6443308022626,10.9670942320054,0,0
2,1,12.254867571593,11.1558933143837,0,0
2,3,12.3883983689821,10.9690772135065,0,0
5,2,12.345838935722,11.5129354649202,1,1
2,1,13.270785106659,11.8616438391925,1,1
